{
  "dates": {
    "maximum": "2023-06-03",
    "minimum": "2023-04-16"
  },
  "page": 4,
  "results": [
    {
      "adult": false,
      "backdrop_path": "/sTBY6sbxiVy4NfUHCBKVrxQb6gP.jpg",
      "genre_ids": [
        53
      ],
      "id": 1053587,
      "original_language": "es",
      "original_title": "Fatum",
      "overview": "After receiving a tip-off, compulsive gambler Sergio returns to the betting house trying to recover all the money he has lost , but another gambler bursts into the place with a gun and a gunshot will change his life forever.",
      "popularity": 68.649,
      "poster_path": "/xzmmJAa3OX302flRxg6fEf18FLL.jpg",
      "release_date": "2023-04-12",
      "title": "Fatum",
      "video": false,
      "vote_average": 6.7,
      "vote_count": 6
    },
    {
      "adult": false,
      "backdrop_path": "/qc2a2q2IB981Ly0sL22aI0PxUjW.jpg",
      "genre_ids": [
        18
      ],
      "id": 872516,
      "original_language": "en",
      "original_title": "Palm Trees and Power Lines",
      "overview": "A disconnected teenage girl enters a relationship with a man twice her age. She sees him as the solution to all her problems, but his intentions are not what they seem.",
      "popularity": 108.06,
      "poster_path": "/jWiSF5VbFeeWZmx7rGgQCsFsLdW.jpg",
      "release_date": "2023-03-03",
      "title": "Palm Trees and Power Lines",
      "video": false,
      "vote_average": 5.9,
      "vote_count": 16
    },
    {
      "adult": false,
      "backdrop_path": "/5fqbFL4uMmdYPKhQr7PAVFNNgcO.jpg",
      "genre_ids": [
        878,
        53
      ],
      "id": 942199,
      "original_language": "en",
      "original_title": "Simulant",
      "overview": "Faye attempts to replace her newly deceased husband, Evan, with an android simulant (SIM). Although SIM Evan appears like human Evan in every way, Faye does not feel the same love for SIM Evan as it does for her. SIM Evan tries to win Faye back while at the same time being on-the-run from a government agent chasing down SIMs who have become “conscious” and could potentially be a threat to humankind.",
      "popularity": 120.768,
      "poster_path": "/kmDJhZIq1xnu5ZiMOlb0nHJH1qb.jpg",
      "release_date": "2023-03-29",
      "title": "Simulant",
      "video": false,
      "vote_average": 6.1,
      "vote_count": 62
    },
    {
      "adult": false,
      "backdrop_path": "/4uij4drUitClyXihCyQJSklXvvv.jpg",
      "genre_ids": [
        18,
        10749
      ],
      "id": 876797,
      "original_language": "ja",
      "original_title": "余命10年",
      "overview": "The 20-year-old heroine learns that she only has 10 years to live due to an incurable disease of 1 in tens of thousands. She decided not to fall in love and not to be obsessed with living. But then, she met the hero at a local alumni association.",
      "popularity": 66.525,
      "poster_path": "/yJFUBE5VGjQaTLuyhf4Hb926mn4.jpg",
      "release_date": "2022-03-04",
      "title": "The Last 10 Years",
      "video": false,
      "vote_average": 7,
      "vote_count": 33
    },
    {
      "adult": false,
      "backdrop_path": "/hu2K1XlEyRjO2JvzIHBa6cPQRAi.jpg",
      "genre_ids": [
        9648,
        53
      ],
      "id": 989473,
      "original_language": "en",
      "original_title": "Invitation to a Murder",
      "overview": "1934. South of England. For no apparent reason and like five other unrelated people, Miranda, a 28-year-old florist, is invited for the weekend in the mansion of billionaire Lewis Findley",
      "popularity": 75.197,
      "poster_path": "/8OyzvMrVx2tXjyJiE3GZpvaXE2T.jpg",
      "release_date": "2023-05-05",
      "title": "Invitation to a Murder",
      "video": false,
      "vote_average": 5.7,
      "vote_count": 30
    },
    {
      "adult": false,
      "backdrop_path": "/zjpYDQlhvrAaohKRShu522sKJ87.jpg",
      "genre_ids": [
        16,
        35,
        18
      ],
      "id": 783675,
      "original_language": "ja",
      "original_title": "THE FIRST SLAM DUNK",
      "overview": "Shohoku's “speedster” and point guard, Ryota Miyagi, always plays with brains and lightning speed, running circles around his opponents while feigning composure. In his second year of high school, Ryota plays with the Shohoku High School basketball team along with Sakuragi, Rukawa, Akagi, and Mitsui as they take the stage at the Inter-High School National Championship. And now, they are on the brink of challenging the reigning champions, Sannoh Kogyo High School.",
      "popularity": 70.259,
      "poster_path": "/995t1sb4ummXHBfKlXLSM1IAEjc.jpg",
      "release_date": "2022-12-03",
      "title": "The First Slam Dunk",
      "video": false,
      "vote_average": 8,
      "vote_count": 93
    },
    {
      "adult": false,
      "backdrop_path": "/jENycYiYGr5NvMs789zj06JkW5l.jpg",
      "genre_ids": [
        35,
        18
      ],
      "id": 497828,
      "original_language": "en",
      "original_title": "Triangle of Sadness",
      "overview": "A celebrity model couple are invited on a luxury cruise for the uber-rich, helmed by an unhinged, alcoholic captain. What first appears Instagrammable ends catastrophically, leaving the survivors stranded on a desert island in a struggle of hierarchy.",
      "popularity": 55.815,
      "poster_path": "/k9eLozCgCed5FGTSdHu0bBElAV8.jpg",
      "release_date": "2022-09-18",
      "title": "Triangle of Sadness",
      "video": false,
      "vote_average": 7.2,
      "vote_count": 1355
    },
    {
      "adult": false,
      "backdrop_path": "/oMsoN3RsJEjxOWcImvwTffEnkMd.jpg",
      "genre_ids": [
        16,
        10751
      ],
      "id": 987750,
      "original_language": "es",
      "original_title": "Inspector Sun y la maldición de la viuda negra",
      "overview": "Shanghai, 1934. In an insect world parallel to that of humans, veteran Inspector Sun, a lone spider, leads his last mission against his archenemy the Red Locust, before embarking on a well-deserved retirement. His vacation aboard a Pan Am clipper between Shanghai and San Francisco comes to an abrupt end when millionaire Dr. Spindelthorp is found murdered. What begins as a routine case for Sun will ultimately decide the fate of humanity.",
      "popularity": 76.734,
      "poster_path": "/v1Wj5lzvsvFbXHdrmYGdXL10Q73.jpg",
      "release_date": "2022-12-28",
      "title": "Inspector Sun and the Curse of the Black Widow",
      "video": false,
      "vote_average": 6.7,
      "vote_count": 125
    },
    {
      "adult": false,
      "backdrop_path": "/9ySIJ6EWmFs4rW4L9C9C4Xn85eC.jpg",
      "genre_ids": [
        99
      ],
      "id": 1128918,
      "original_language": "en",
      "original_title": "Tom Hanks: The Nomad",
      "overview": "From humble beginnings to an aspiring thespian to acting as some of the world's most iconic and notable characters. He has picked up a reputation as 'America's Nice Guy', 'The Everyman' and a nomad of the arts. But we all know him... as Tom Hanks.",
      "popularity": 67.172,
      "poster_path": "/dacx3E91IFXQ66fJLIhTVGSSxDw.jpg",
      "release_date": "2023-05-20",
      "title": "Tom Hanks: The Nomad",
      "video": false,
      "vote_average": 3.3,
      "vote_count": 4
    },
    {
      "adult": false,
      "backdrop_path": "/9j7EPYAaS2Pa3bry7Yrkq64ToLf.jpg",
      "genre_ids": [
        878,
        53,
        18,
        9648
      ],
      "id": 983282,
      "original_language": "en",
      "original_title": "The Artifice Girl",
      "overview": "A team of special agents discovers a revolutionary new computer program to bait and trap online predators. After teaming up with the program's troubled developer, they soon find that the AI is rapidly advancing beyond its original purpose.",
      "popularity": 68.488,
      "poster_path": "/A3qrVjsBd4IZ3QWHMs2x1dwRxuX.jpg",
      "release_date": "2023-04-27",
      "title": "The Artifice Girl",
      "video": false,
      "vote_average": 6.6,
      "vote_count": 64
    },
    {
      "adult": false,
      "backdrop_path": "/iv49GntNvtpafx3cCPJJnDdLJSG.jpg",
      "genre_ids": [
        27,
        53
      ],
      "id": 960081,
      "original_language": "en",
      "original_title": "Surrogate",
      "overview": "A ghost horror about single mother and nurse Natalie who falls mysteriously ill and struggles to stop her family from being destroyed.",
      "popularity": 83.245,
      "poster_path": "/821PHm9tLaoVJFgGfUoIJQTX0nx.jpg",
      "release_date": "2022-04-07",
      "title": "Surrogate",
      "video": false,
      "vote_average": 4.5,
      "vote_count": 4
    },
    {
      "adult": false,
      "backdrop_path": "/rCZNtFhCId7zAMo68xyCEwnRvB.jpg",
      "genre_ids": [
        18
      ],
      "id": 901563,
      "original_language": "fr",
      "original_title": "Close",
      "overview": "Two thirteen year-olds have always been incredibly close but they drift apart after the intimacy of their relationship is questioned by schoolmates.  An emotionally transformative and unforgettable portrait of the intersection of friendship and love, identity and independence, and heartbreak and healing.",
      "popularity": 57.199,
      "poster_path": "/j7ReE0UZ9sgtfLvzszMgQw8Mxb2.jpg",
      "release_date": "2022-11-01",
      "title": "Close",
      "video": false,
      "vote_average": 7.8,
      "vote_count": 403
    },
    {
      "adult": false,
      "backdrop_path": "/cjFMpHXKGaeowqK4m8tmarlXv7S.jpg",
      "genre_ids": [
        18
      ],
      "id": 860901,
      "original_language": "en",
      "original_title": "Padre Pio",
      "overview": "It is the end of World War I and the young Italian soldiers are making their way back to San Giovanni Rotondo, a land of poverty, with a tradition of violence and submission to the iron-clad rule of the church and its wealthy landowners. Families are desperate, the men are broken, albeit victorious. Padre Pio also arrives, at a remote Capuchin monastery, to begin his ministry, evoking an aura of charisma, saintliness and epic visions of Jesus, Mary and the Devil himself. The eve of the first free elections in Italy sets the stage for a massacre with a metaphorical dimension: an apocalyptic event that changes the course of history.",
      "popularity": 39.7,
      "poster_path": "/rQsoCFfqZTjz4XtQIpCb51ueRfW.jpg",
      "release_date": "2023-06-01",
      "title": "Padre Pio",
      "video": false,
      "vote_average": 5,
      "vote_count": 1
    },
    {
      "adult": false,
      "backdrop_path": "/ddfGBZiyOhVCAOtffie7AiXVYiE.jpg",
      "genre_ids": [
        27
      ],
      "id": 949423,
      "original_language": "en",
      "original_title": "Pearl",
      "overview": "Trapped on her family’s isolated farm, Pearl must tend to her ailing father under the bitter and overbearing watch of her devout mother. Lusting for a glamorous life like she’s seen in the movies, Pearl’s ambitions, temptations, and repressions collide.",
      "popularity": 52.75,
      "poster_path": "/ulBLIBqvdnf4H6JBt0OpMCU1ECn.jpg",
      "release_date": "2022-09-16",
      "title": "Pearl",
      "video": false,
      "vote_average": 7.4,
      "vote_count": 746
    },
    {
      "adult": false,
      "backdrop_path": null,
      "genre_ids": [
        18,
        35
      ],
      "id": 800104,
      "original_language": "es",
      "original_title": "Los buenos modales",
      "overview": "",
      "popularity": 90.641,
      "poster_path": "/k7fAmDcHwfru0dQdJOVF2RzOEvN.jpg",
      "release_date": "2023-04-28",
      "title": "Los buenos modales",
      "video": false,
      "vote_average": 3.2,
      "vote_count": 3
    },
    {
      "adult": false,
      "backdrop_path": null,
      "genre_ids": [
        35
      ],
      "id": 926924,
      "original_language": "es",
      "original_title": "¡Vaya vacaciones!",
      "overview": "",
      "popularity": 54.609,
      "poster_path": "/fSdvrg6Z37Wcdw7ZhSEFfkAwHrO.jpg",
      "release_date": "2023-04-21",
      "title": "¡Vaya vacaciones!",
      "video": false,
      "vote_average": 6.1,
      "vote_count": 6
    },
    {
      "adult": false,
      "backdrop_path": "/sWCdmdZh89Tdg5DVr5cFuZDJ9yu.jpg",
      "genre_ids": [
        35,
        28,
        18,
        12
      ],
      "id": 931102,
      "original_language": "zh",
      "original_title": "龙马精神",
      "overview": "The once beautiful, now down-and-out Dragon Tiger martial artist Lao Luo lives with his beloved horse, Red Rabbit. Due to a debt dispute involving Red Rabbit, he is faced with the crisis of \"father-son separation\". In desperation, Lao Luo asks his daughter Bao and her boyfriend Naihua, who have misunderstood him for years, for help. On the road of self-help of three people and one horse, they make a lot of jokes and gradually get closer to each other.",
      "popularity": 68.166,
      "poster_path": "/oGsxGrviqmTnMDSSNsyPQMgPqhn.jpg",
      "release_date": "2023-04-07",
      "title": "Ride On",
      "video": false,
      "vote_average": 6,
      "vote_count": 16
    },
    {
      "adult": false,
      "backdrop_path": "/iCJeq8mztiRJ013ZG8Ss6V6qyQi.jpg",
      "genre_ids": [
        18
      ],
      "id": 1008038,
      "original_language": "en",
      "original_title": "Riceboy Sleeps",
      "overview": "A South Korean mother and son struggle with their new life in 1990s Canada and the growing rift between them.",
      "popularity": 50.748,
      "poster_path": "/l5oRelLHUSMbxma0NAjkB0raPYY.jpg",
      "release_date": "2023-03-17",
      "title": "Riceboy Sleeps",
      "video": false,
      "vote_average": 7.2,
      "vote_count": 12
    },
    {
      "adult": false,
      "backdrop_path": "/eIi3klFf7mp3oL5EEF4mLIDs26r.jpg",
      "genre_ids": [
        878,
        18,
        53
      ],
      "id": 78,
      "original_language": "en",
      "original_title": "Blade Runner",
      "overview": "In the smog-choked dystopian Los Angeles of 2019, blade runner Rick Deckard is called out of retirement to terminate a quartet of replicants who have escaped to Earth seeking their creator for a way to extend their short life spans.",
      "popularity": 54.061,
      "poster_path": "/63N9uy8nd9j7Eog2axPQ8lbr3Wj.jpg",
      "release_date": "1982-06-25",
      "title": "Blade Runner",
      "video": false,
      "vote_average": 7.9,
      "vote_count": 12454
    },
    {
      "adult": false,
      "backdrop_path": "/1jCXk512KPr6MzXEZf7UH4fbtba.jpg",
      "genre_ids": [
        35,
        18
      ],
      "id": 800787,
      "original_language": "en",
      "original_title": "A Good Person",
      "overview": "Allison's life falls apart following her involvement in a fatal accident. The unlikely relationship she forms with her would-be father-in-law helps her live a life worth living.",
      "popularity": 54.614,
      "poster_path": "/6toz74j1OgbQrsZUjgr2Ohs1AsE.jpg",
      "release_date": "2023-03-23",
      "title": "A Good Person",
      "video": false,
      "vote_average": 6.9,
      "vote_count": 91
    }
  ],
  "total_pages": 97,
  "total_results": 1940
}
