{
  "dates": {
    "maximum": "2023-06-03",
    "minimum": "2023-04-16"
  },
  "page": 10,
  "results": [
    {
      "adult": false,
      "backdrop_path": "/12vXoZKGk1Ds7zeCLl5RpzYi3Q9.jpg",
      "genre_ids": [
        16,
        28,
        12,
        18,
        9648
      ],
      "id": 843267,
      "original_language": "ja",
      "original_title": "プリンセス・プリンシパル Crown Handler 第2章",
      "overview": "The second out of six movie sequels to the TV series.",
      "popularity": 20.211,
      "poster_path": "/bigcS5uX9bAPeMQcPUWMDUxgaxk.jpg",
      "release_date": "2021-09-23",
      "title": "Princess Principal Crown Handler: Chapter 2",
      "video": false,
      "vote_average": 7.3,
      "vote_count": 3
    },
    {
      "adult": false,
      "backdrop_path": "/qZOuoBoKCDLSm1EvYz2eBub8Cto.jpg",
      "genre_ids": [
        16,
        12,
        14,
        10751
      ],
      "id": 939338,
      "original_language": "fr",
      "original_title": "Pattie et la colère de Poséidon",
      "overview": "An adventurous mouse sets off to battle dangerous creatures in Ancient Greece, including Poseidon.",
      "popularity": 20.084,
      "poster_path": "/gVPw9gRPsZZhzY6cIXp6h6nep5M.jpg",
      "release_date": "2023-01-25",
      "title": "Epic Tails",
      "video": false,
      "vote_average": 6.4,
      "vote_count": 12
    },
    {
      "adult": false,
      "backdrop_path": "/nBKLrxnAsERDn3Kkz6tk1Xbn0zm.jpg",
      "genre_ids": [
        18
      ],
      "id": 1007696,
      "original_language": "es",
      "original_title": "Secaderos",
      "overview": "Seven-year-old Vera lives in the big city but adores spending the holidays in her grandparent’s town and particularly in their deserted tobacco barn. Nieves, a teenager native from there whose father forces her to help out at the family’s land, can’t avoid but feeling caged. The two girls, driven by the sense of adventure and the need to find oneself respectively, will be connected to a magical creature that will change the way they see their own reality.",
      "popularity": 10.762,
      "poster_path": "/jaanoFG1RqJ9su5yxmu6ZI41UuH.jpg",
      "release_date": "2023-06-02",
      "title": "Tobacco Barns",
      "video": false,
      "vote_average": 0,
      "vote_count": 0
    },
    {
      "adult": false,
      "backdrop_path": null,
      "genre_ids": [
        28,
        10749,
        35,
        18
      ],
      "id": 1033880,
      "original_language": "ta",
      "original_title": "காதர்பாட்சா என்ற முத்துராமலிங்கம்",
      "overview": "In a village, politicians manipulate religious antagonism to create chaos amongst its inhabitants, creating conflicts within the community.",
      "popularity": 11.739,
      "poster_path": "/72ZO0zs9NuEAEsLOMnoPcKnW6sm.jpg",
      "release_date": "2023-06-02",
      "title": "Katharbasha Endra Muthuramalingam",
      "video": false,
      "vote_average": 0,
      "vote_count": 0
    },
    {
      "adult": false,
      "backdrop_path": "/1ucjslweEDuhMyOQPJ12IiKoebi.jpg",
      "genre_ids": [],
      "id": 968146,
      "original_language": "ja",
      "original_title": "渇水",
      "overview": "The story takes place during a summer of continuous sunshine when water supply restrictions are issued in the city. Shunsaku Iwakiri works for the city's water department and his job is to visit homes and stores that are behind on their bills and either collect the money or shut off the water supply (water suspension enforcement). Shunsaku is separated from his wife and children, and his heart grows thirsty as he spends his days visiting poor households and being abhorred. One day, during a water shutoff, Shunsaku meets two young sisters who have been neglected. He sees them as his own children and offers them a helping hand.",
      "popularity": 11.215,
      "poster_path": "/e4heVLjoQonfxmmE77DjP4ngJz4.jpg",
      "release_date": "2023-06-02",
      "title": "The Dry Spell",
      "video": false,
      "vote_average": 0,
      "vote_count": 0
    },
    {
      "adult": false,
      "backdrop_path": null,
      "genre_ids": [
        878,
        35,
        12
      ],
      "id": 1055859,
      "original_language": "en",
      "original_title": "Mixed Signals",
      "overview": "Three once-inseparable friends, struggling to come to terms with their changing relationship, inexplicably swap places with characters from their favorite television shows. Hijinks ensue.",
      "popularity": 11.725,
      "poster_path": "/n3lULemTiIqsse7yNNOr6oV6rUg.jpg",
      "release_date": "2023-06-02",
      "title": "Mixed Signals",
      "video": false,
      "vote_average": 0,
      "vote_count": 0
    },
    {
      "adult": false,
      "backdrop_path": "/pcwvKDQWBxoKScRDoe6DHtecOcC.jpg",
      "genre_ids": [
        18,
        10749
      ],
      "id": 511424,
      "original_language": "fi",
      "original_title": "My Sailor, My Love",
      "overview": "Howard, a retired sailor and widow, lives in a house by the sea. His adult daughter Grace hires a carer for her father, a lady in her mature years, Annie. Recluse and stubborn, Howard rejects Annie’s company, but eventually opens his heart and gives his final love a chance. Grace has her own crisis to unravel and finds her father’s romance difficult. Her father’s new love reminds her of the affection she missed, as a child and now again as an adult. Annie must face the complex father-daughter relationship, while Howard and Grace must realize their own imperfections.",
      "popularity": 16.424,
      "poster_path": "/wgJ9FfbaXl6fxUrXlyhwmKwf8BZ.jpg",
      "release_date": "2022-09-30",
      "title": "My Sailor, My Love",
      "video": false,
      "vote_average": 6.2,
      "vote_count": 6
    },
    {
      "adult": false,
      "backdrop_path": "/xmtmZc5aylqDMRKYlU8pmsgG0HF.jpg",
      "genre_ids": [
        27,
        18
      ],
      "id": 11075,
      "original_language": "ja",
      "original_title": "オーディション",
      "overview": "Seven years after the death of his wife, widower Shigeharu seeks advice on how to find a new wife from a colleague. Taking advantage of their position as a film company, they stage an audition. Interviewing a series of women, Shigeharu is enchanted by the quiet Asami. But soon things take a twisted turn as Asami isn’t what she seems to be.",
      "popularity": 17.45,
      "poster_path": "/3uHGdP7S3TlApsoskvRGhS0x6eu.jpg",
      "release_date": "1999-10-06",
      "title": "Audition",
      "video": false,
      "vote_average": 7.1,
      "vote_count": 1292
    },
    {
      "adult": false,
      "backdrop_path": null,
      "genre_ids": [
        18,
        10749
      ],
      "id": 754045,
      "original_language": "es",
      "original_title": "Humo bajo el agua",
      "overview": "A look at love and friendship in a historic moment for Argentina after the recovery of democracy. It tells the story of Julián, a young ranch hand who is reunited with Patricio, the son of his boss and his childhood friend. The passage of time and being face to face in the countryside where they were born, will make them realize that their childhood affection has become an indomitable feeling.",
      "popularity": 19.931,
      "poster_path": "/9EdpoEYCkt5h8xpVNERCQLNoINW.jpg",
      "release_date": "2023-04-20",
      "title": "Humo bajo el agua",
      "video": false,
      "vote_average": 1.5,
      "vote_count": 2
    },
    {
      "adult": false,
      "backdrop_path": "/xmaEWPtHYgo6c8A1hBnqNnINsXq.jpg",
      "genre_ids": [
        35
      ],
      "id": 1017507,
      "original_language": "en",
      "original_title": "Buddy Games: Spring Awakening",
      "overview": "Faced with their biggest challenge yet, the gang sets out to honor a lost friend only to find themselves in the middle of where it all began – Spring Break – where they learn their old school ways of partying hardly compete with today's generation.",
      "popularity": 16.176,
      "poster_path": "/8Xye26gsr6MHWRzqolqz7y2u93g.jpg",
      "release_date": "2023-05-19",
      "title": "Buddy Games: Spring Awakening",
      "video": false,
      "vote_average": 6.4,
      "vote_count": 5
    },
    {
      "adult": false,
      "backdrop_path": "/xAkJDvkiMbbgJ9YpgnIcGUtPHqm.jpg",
      "genre_ids": [
        35,
        18,
        10749
      ],
      "id": 999637,
      "original_language": "en",
      "original_title": "Montréal Girls",
      "overview": "A Middle-Eastern medical school student, new to Montreal, puts his relationship with his father at risk when he forfeits his education after being forever changed by two young women who help him see his destiny.",
      "popularity": 10.577,
      "poster_path": "/qkzN4eV03Z2Ez0KqUiLvrYUQKTL.jpg",
      "release_date": "2023-06-02",
      "title": "Montréal Girls",
      "video": false,
      "vote_average": 0,
      "vote_count": 0
    },
    {
      "adult": false,
      "backdrop_path": "/dLOAdTRNoVq6pDxqFGXSWpEEr95.jpg",
      "genre_ids": [
        27,
        35
      ],
      "id": 1031416,
      "original_language": "en",
      "original_title": "TapeHead - The Return Of Jacob Cobb",
      "overview": "Jacob Cobb is back in this brand new feature length slasher!",
      "popularity": 10.841,
      "poster_path": "/1q83Kj9O265RgJ8n7ysFbIk41hX.jpg",
      "release_date": "2023-06-02",
      "title": "TapeHead - The Return Of Jacob Cobb",
      "video": false,
      "vote_average": 0,
      "vote_count": 0
    },
    {
      "adult": false,
      "backdrop_path": "/reHX1X7D2kjGqNVDAGXyzezEAp5.jpg",
      "genre_ids": [
        18,
        36
      ],
      "id": 915960,
      "original_language": "de",
      "original_title": "Rabiye Kurnaz gegen George W. Bush",
      "overview": "The battle for the release of her son Murat from Guantanamo catapults Turkish housewife Rabiye Kurnaz from her terraced house in Bremen straight into world politics and all the way to the Supreme Court in Washington. At her side is human rights lawyer Bernhard Docke - the reserved, level-headed lawyer and the temperamental Turkish mother with a wicked sense of humour – now fighting side-by-side to get Murat out.",
      "popularity": 49.059,
      "poster_path": "/3BmgTsU9EPhnQKz4doNifwcV0Fz.jpg",
      "release_date": "2022-04-28",
      "title": "Rabiye Kurnaz vs. George W. Bush",
      "video": false,
      "vote_average": 6.2,
      "vote_count": 23
    },
    {
      "adult": false,
      "backdrop_path": null,
      "genre_ids": [
        10749,
        10751,
        18
      ],
      "id": 716373,
      "original_language": "bn",
      "original_title": "অর্ধাঙ্গিনী",
      "overview": "After Suman suffers an accident, the two women in his life - Meghna, the wife, and Shubhra, the ex-wife - are compelled to meet each other. Ardhangini revolves around the awkward emotional duel between the two wives - past and present - in a time of personal crisis.",
      "popularity": 13.557,
      "poster_path": "/40SNw8kLuZKZGImlzrMgPsFCzz2.jpg",
      "release_date": "2023-06-02",
      "title": "Ardhangini",
      "video": false,
      "vote_average": 0,
      "vote_count": 0
    },
    {
      "adult": false,
      "backdrop_path": "/pCAzebfSDSvviSgvESZUAg7ofje.jpg",
      "genre_ids": [
        18,
        10749
      ],
      "id": 807862,
      "original_language": "fr",
      "original_title": "Peter von Kant",
      "overview": "Peter von Kant, a successful, famous director, lives with his assistant Karl, whom he likes to mistreat and humiliate. Through the great actress Sidonie, he meets and falls in love with Amir, a handsome young man of modest means. He offers to share his apartment and help Amir break into the world of cinema. Several months later, Amir becomes a star. But as soon as he acquires fame, he breaks up with Peter, leaving him alone to face himself.",
      "popularity": 20.002,
      "poster_path": "/5ZTjS0XmJHCAcp0jWj6tR64hAeJ.jpg",
      "release_date": "2022-07-06",
      "title": "Peter von Kant",
      "video": false,
      "vote_average": 5.8,
      "vote_count": 69
    },
    {
      "adult": false,
      "backdrop_path": "/bGKpzUaA4c5a16so6IYzyJBHtLf.jpg",
      "genre_ids": [
        35
      ],
      "id": 553147,
      "original_language": "en",
      "original_title": "Fool's Paradise",
      "overview": "A down-on-his-luck publicist discovers a recently released mental health patient who looks just like a misbehaving movie star. The publicist subs him into a film, creating a new star. But fame and fortune are not all they are cracked up to be.",
      "popularity": 22.04,
      "poster_path": "/pPv4KYbcG16xmr2Q0rlV2Brqh6g.jpg",
      "release_date": "2023-05-12",
      "title": "Fool's Paradise",
      "video": false,
      "vote_average": 4.8,
      "vote_count": 8
    },
    {
      "adult": false,
      "backdrop_path": "/d7TTFXhp4MPCPSTKN22KiNPDiSc.jpg",
      "genre_ids": [
        10749,
        18
      ],
      "id": 1011940,
      "original_language": "en",
      "original_title": "Translations",
      "overview": "It's been years since Stef last left her house. The loss of her brother combined with the quiet dread of the unknown conspiring to keep her inside. When her brother Liam's best friend, Evan, arrives to give Liam's journal to Stef, they begin a relationship. However, when Stef and Evan start to unpack their shared trauma, they question if their relationship can ever break free from its confines?  Caught between Evan's images of a world outside that they could inhabit, and a story of lost love that Stef is translating from a previous generation, Stef must choose the kind of future she wants, and whether Evan will be a part of it.",
      "popularity": 9.501,
      "poster_path": "/pQ8k9FqSjmzsigqCqw4hwV7B1Pe.jpg",
      "release_date": "2023-06-02",
      "title": "Translations",
      "video": false,
      "vote_average": 0,
      "vote_count": 0
    },
    {
      "adult": false,
      "backdrop_path": "/kTUUiKGKrdRhJsCcYT3Ivtfuuzh.jpg",
      "genre_ids": [
        18
      ],
      "id": 5156,
      "original_language": "it",
      "original_title": "Ladri di biciclette",
      "overview": "Unemployed Antonio is elated when he finally finds work hanging posters around war-torn Rome. However on his first day, his bicycle—essential to his work—gets stolen. His job is doomed unless he can find the thief. With the help of his son, Antonio combs the city, becoming desperate for justice.",
      "popularity": 10.966,
      "poster_path": "/ihLPR2hiHljvvdTzHk6NeNTVMXf.jpg",
      "release_date": "1948-11-24",
      "title": "Bicycle Thieves",
      "video": false,
      "vote_average": 8.2,
      "vote_count": 2073
    },
    {
      "adult": false,
      "backdrop_path": "/3j5dZIR2sJs5SnzI7haAGJqnkHJ.jpg",
      "genre_ids": [
        16,
        14,
        27,
        878
      ],
      "id": 846867,
      "original_language": "en",
      "original_title": "Mad God",
      "overview": "A figure known as \"The Assassin\" descends from the heavens into a nightmarish pit full of monsters, titans, and cruelty.",
      "popularity": 16.31,
      "poster_path": "/sEULzxEZvrJvhz91wKxpbih25Sk.jpg",
      "release_date": "2022-06-16",
      "title": "Mad God",
      "video": false,
      "vote_average": 7,
      "vote_count": 212
    },
    {
      "adult": false,
      "backdrop_path": null,
      "genre_ids": [],
      "id": 1127188,
      "original_language": "bn",
      "original_title": "সুলতানপুর",
      "overview": "Previously BORDER.",
      "popularity": 9.394,
      "poster_path": "/7o7clXpBmYwmnFjDlNkvaYsTXny.jpg",
      "release_date": "2023-06-02",
      "title": "Sultanpur",
      "video": false,
      "vote_average": 0,
      "vote_count": 0
    }
  ],
  "total_pages": 97,
  "total_results": 1940
}
