{
  "dates": {
    "maximum": "2023-06-03",
    "minimum": "2023-04-16"
  },
  "page": 2,
  "results": [
    {
      "adult": false,
      "backdrop_path": "/ceYZCBfwbBwSpGJ6PapNVw5jqLG.jpg",
      "genre_ids": [
        16,
        18,
        12,
        14
      ],
      "id": 916224,
      "original_language": "ja",
      "original_title": "すずめの戸締まり",
      "overview": "Suzume, 17, lost her mother as a little girl. On her way to school, she meets a mysterious young man. But her curiosity unleashes a calamity that endangers the entire population of Japan, and so Suzume embarks on a journey to set things right.",
      "popularity": 611.499,
      "poster_path": "/vIeu8WysZrTSFb2uhPViKjX9EcC.jpg",
      "release_date": "2022-11-11",
      "title": "Suzume",
      "video": false,
      "vote_average": 7.9,
      "vote_count": 416
    },
    {
      "adult": false,
      "backdrop_path": "/9t0tJXcOdWwwxmGTk112HGDaT0Q.jpg",
      "genre_ids": [
        27,
        53
      ],
      "id": 890771,
      "original_language": "en",
      "original_title": "The Black Demon",
      "overview": "Oilman Paul Sturges' idyllic family vacation turns into a nightmare when they encounter a ferocious megalodon shark that will stop at nothing to protect its territory. Stranded and under constant attack, Paul and his family must somehow find a way to get his family back to shore alive before it strikes again in this epic battle between humans and nature.",
      "popularity": 728.864,
      "poster_path": "/uiFcFIjig0YwyNmhoxkxtAAVIL2.jpg",
      "release_date": "2023-04-26",
      "title": "The Black Demon",
      "video": false,
      "vote_average": 6.3,
      "vote_count": 77
    },
    {
      "adult": false,
      "backdrop_path": "/46FRuCeAn6TrS4F1P4F9zhyCpyo.jpg",
      "genre_ids": [
        18
      ],
      "id": 785084,
      "original_language": "en",
      "original_title": "The Whale",
      "overview": "A reclusive English teacher suffering from severe obesity attempts to reconnect with his estranged teenage daughter for one last chance at redemption.",
      "popularity": 340.617,
      "poster_path": "/jQ0gylJMxWSL490sy0RrPj1Lj7e.jpg",
      "release_date": "2022-12-09",
      "title": "The Whale",
      "video": false,
      "vote_average": 8,
      "vote_count": 2410
    },
    {
      "adult": false,
      "backdrop_path": "/e7FzphKs5gzoghDotAEp2FeP46u.jpg",
      "genre_ids": [
        27,
        35,
        28
      ],
      "id": 649609,
      "original_language": "en",
      "original_title": "Renfield",
      "overview": "Having grown sick and tired of his centuries as Dracula's lackey, Renfield finds a new lease on life — and maybe even redemption — when he falls for feisty, perennially angry traffic cop Rebecca Quincy.",
      "popularity": 486.476,
      "poster_path": "/p6yUjhvNGQpFZilKwOKbxQ1eHlo.jpg",
      "release_date": "2023-04-07",
      "title": "Renfield",
      "video": false,
      "vote_average": 6.9,
      "vote_count": 568
    },
    {
      "adult": false,
      "backdrop_path": "/eSVu1FvGPy86TDo4hQbpuHx55DJ.jpg",
      "genre_ids": [
        878,
        12,
        53
      ],
      "id": 700391,
      "original_language": "en",
      "original_title": "65",
      "overview": "65 million years ago, the only 2 survivors of a spaceship from Somaris that crash-landed on Earth must fend off dinosaurs and reach the escape vessel in time before an imminent asteroid strike threatens to destroy the planet.",
      "popularity": ,
      "poster_path": "/rzRb63TldOKdKydCvWJM8B6EkPM.jpg",
      "release_date": "2023-03-02",
      "title": "65",
      "video": false,
      "vote_average": 6.2,
      "vote_count": 1164
    },
    {
      "adult": false,
      "backdrop_path": "/c3hl9E8E7b9opXDFVF5tSyk0ykr.jpg",
      "genre_ids": [
        16,
        35,
        10751,
        12,
        14
      ],
      "id": 816904,
      "original_language": "es",
      "original_title": "Momias",
      "overview": "Through a series of unfortunate events, three mummies end up in present-day London and embark on a wacky and hilarious journey in search of an old ring belonging to the Royal Family, stolen by ambitious archaeologist Lord Carnaby.",
      "popularity": 427.803,
      "poster_path": "/qVdrYN8qu7xUtsdEFeGiIVIaYd.jpg",
      "release_date": "2023-01-05",
      "title": "Mummies",
      "video": false,
      "vote_average": 7.2,
      "vote_count": 308
    },
    {
      "adult": false,
      "backdrop_path": "/aPvIX46VtxZDwu5bB2UcJ7xdpxs.jpg",
      "genre_ids": [
        28,
        12,
        35
      ],
      "id": 977223,
      "original_language": "en",
      "original_title": "Polite Society",
      "overview": "Martial artist-in-training Ria Khan believes she must save her older sister Lena from her impending marriage. After enlisting the help of her friends, Ria attempts to pull off the most ambitious of all wedding heists in the name of independence and sisterhood.",
      "popularity": 389.914,
      "poster_path": "/lv1WqAo2ulQy9aSOG7ikR44p8RR.jpg",
      "release_date": "2023-04-27",
      "title": "Polite Society",
      "video": false,
      "vote_average": 6.7,
      "vote_count": 42
    },
    {
      "adult": false,
      "backdrop_path": "/8K9UjencUfDVS4nKFmSk4URSoeU.jpg",
      "genre_ids": [
        53,
        35,
        80
      ],
      "id": 804150,
      "original_language": "en",
      "original_title": "Cocaine Bear",
      "overview": "Inspired by a true story, an oddball group of cops, criminals, tourists and teens converge in a Georgia forest where a 500-pound black bear goes on a murderous rampage after unintentionally ingesting cocaine.",
      "popularity": 398.109,
      "poster_path": "/gOnmaxHo0412UVr1QM5Nekv1xPi.jpg",
      "release_date": "2023-02-22",
      "title": "Cocaine Bear",
      "video": false,
      "vote_average": 6.3,
      "vote_count": 1129
    },
    {
      "adult": false,
      "backdrop_path": "/wD2kUCX1Bb6oeIb2uz7kbdfLP6k.jpg",
      "genre_ids": [
        27,
        53
      ],
      "id": 980078,
      "original_language": "en",
      "original_title": "Winnie the Pooh: Blood and Honey",
      "overview": "Christopher Robin is headed off to college and he has abandoned his old friends, Pooh and Piglet, which then leads to the duo embracing their inner monsters.",
      "popularity": 356.786,
      "poster_path": "/ewF3IlGscc7FjgGEPcQvZsAsgAW.jpg",
      "release_date": "2023-01-27",
      "title": "Winnie the Pooh: Blood and Honey",
      "video": false,
      "vote_average": 5.7,
      "vote_count": 622
    },
    {
      "adult": false,
      "backdrop_path": "/yx96Xz7ggs7TMmDqAa8G5oJ5ami.jpg",
      "genre_ids": [
        37,
        28
      ],
      "id": 1111140,
      "original_language": "en",
      "original_title": "Two Sinners and a Mule",
      "overview": "Kicked out of a small Western town for sinful behavior, free-spirited Alice and Nora set out for Virginia City to pursue their dream of opening a restaurant. Out on the prairie, they come across an injured bounty hunter named Elden. Hoping to share in the reward, they nurse Elden back to health and help him stalk his prey, Grimes. But as Nora and Alice both develop feelings for Elden, no one notices that Grimes is now on their tail, and the hunters become the hunted…",
      "popularity": 277.657,
      "poster_path": "/icL1zn5z1L5ULIpxkuOLjeUgURY.jpg",
      "release_date": "2023-04-21",
      "title": "Two Sinners and a Mule",
      "video": false,
      "vote_average": 6.4,
      "vote_count": 25
    },
    {
      "adult": false,
      "backdrop_path": "/aRJjCgp4uVUkXhDw8NClesQXbt3.jpg",
      "genre_ids": [
        53,
        28
      ],
      "id": 727340,
      "original_language": "ko",
      "original_title": "헌트",
      "overview": "After a high-ranking North Korean official requests asylum, KCIA Foreign Unit chief Park Pyong-ho and Domestic Unit chief Kim Jung-do are tasked with uncovering a North Korean spy, known as Donglim, who is deeply embedded within their agency. When the spy begins leaking top secret intel that could jeopardize national security, the two units are each assigned to investigate each other.",
      "popularity": 281.618,
      "poster_path": "/tDe5eLxAbeK7sYckUn5aH3ngWnn.jpg",
      "release_date": "2002-08-10",
      "title": "Hunt",
      "video": false,
      "vote_average": 6.8,
      "vote_count": 82
    },
    {
      "adult": false,
      "backdrop_path": "/47e1Kh2XvlCZDr3QJqxSmmjffSH.jpg",
      "genre_ids": [
        27
      ],
      "id": 1008005,
      "original_language": "es",
      "original_title": "La niña de la comunión",
      "overview": "Spain, late 1980s. Newcomer Sara tries to fit in with the other teens in this tight-knit small town in the province of Tarragona. If only she were more like her extroverted best friend, Rebe. They go out one night at a nightclub, on the way home, they come upon a little girl holding a doll, dressed for her first communion. And that's when the nightmare begins.",
      "popularity": 297.018,
      "poster_path": "/uYxrWr9o44yO0HvVfFFHGu01gfX.jpg",
      "release_date": "2023-02-10",
      "title": "The Communion Girl",
      "video": false,
      "vote_average": 6.2,
      "vote_count": 119
    },
    {
      "adult": false,
      "backdrop_path": "/cRdA9xjHBbobw4LJFsQ3j1CgpVq.jpg",
      "genre_ids": [
        27,
        53
      ],
      "id": 663712,
      "original_language": "en",
      "original_title": "Terrifier 2",
      "overview": "After being resurrected by a sinister entity, Art the Clown returns to Miles County where he must hunt down and destroy a teenage girl and her younger brother on Halloween night.  As the body count rises, the siblings fight to stay alive while uncovering the true nature of Art's evil intent.",
      "popularity": 266.485,
      "poster_path": "/8gLhu8UFPZfH2Hv11JhTZkb9CVl.jpg",
      "release_date": "2022-10-06",
      "title": "Terrifier 2",
      "video": false,
      "vote_average": 6.9,
      "vote_count": 1217
    },
    {
      "adult": false,
      "backdrop_path": "/zUK4rRNuKfv9R33g18FR5dtEMLn.jpg",
      "genre_ids": [
        10749,
        878,
        14,
        35
      ],
      "id": 723347,
      "original_language": "en",
      "original_title": "Robots",
      "overview": "A womanizer and a gold digger trick people into relationships with illegal robot doubles. When they unwittingly use this scam on each other, their robot doubles fall in love and elope, forcing the duo to team up to hunt them down before the authorities discover their secret.",
      "popularity": 304.139,
      "poster_path": "/yf7aXA3qC3MA5fqnBmnFsrdZDDN.jpg",
      "release_date": "2023-05-19",
      "title": "Robots",
      "video": false,
      "vote_average": 6.7,
      "vote_count": 31
    },
    {
      "adult": false,
      "backdrop_path": "/x5FuEj9qJX0P4mZkWOgyq6eq7Xm.jpg",
      "genre_ids": [
        18
      ],
      "id": 985617,
      "original_language": "en",
      "original_title": "Reality",
      "overview": "On June 3, 2017, 25-year-old Reality Winner returns from running errands to find two FBI agents at her home in Augusta, Georgia. An Air Force veteran and yoga instructor, Winner spends the next two hours being questioned about her work as an intelligence contractor — specifically, whether she leaked a classified document about Russian interference in the 2016 U.S. elections.",
      "popularity": 216.693,
      "poster_path": "/4rS1rcaeIJd2zdTn2G8RMfTNeiV.jpg",
      "release_date": "2023-06-02",
      "title": "Reality",
      "video": false,
      "vote_average": 6.6,
      "vote_count": 38
    },
    {
      "adult": false,
      "backdrop_path": "/kgATFkG4SDyengNMmCuwmj7igWW.jpg",
      "genre_ids": [
        14,
        28,
        12
      ],
      "id": 455476,
      "original_language": "en",
      "original_title": "Knights of the Zodiac",
      "overview": "When a headstrong street orphan, Seiya, in search of his abducted sister unwittingly taps into hidden powers, he discovers he might be the only person alive who can protect a reincarnated goddess, sent to watch over humanity. Can he let his past go and embrace his destiny to become a Knight of the Zodiac?",
      "popularity": 229.989,
      "poster_path": "/qW4crfED8mpNDadSmMdi7ZDzhXF.jpg",
      "release_date": "2023-04-27",
      "title": "Knights of the Zodiac",
      "video": false,
      "vote_average": 6.4,
      "vote_count": 57
    },
    {
      "adult": false,
      "backdrop_path": "/sp7MPK2K60LLd7A6zjHKsfgjFil.jpg",
      "genre_ids": [
        27,
        14,
        878,
        53
      ],
      "id": 296271,
      "original_language": "en",
      "original_title": "The Devil Conspiracy",
      "overview": "The hottest biotech company in the world has discovered they can clone history’s most influential people from the dead. Now, they are auctioning clones of Michelangelo, Galileo, Vivaldi, and others for tens of millions of dollars to the world’s ultra-rich. But when they steal the Shroud of Turin and clone the DNA of Jesus Christ, all hell breaks loose.",
      "popularity": 255.349,
      "poster_path": "/2lUYbD2C3XSuwqMUbDVDQuz9mqz.jpg",
      "release_date": "2023-01-13",
      "title": "The Devil Conspiracy",
      "video": false,
      "vote_average": 6.3,
      "vote_count": 171
    },
    {
      "adult": false,
      "backdrop_path": "/cYyUinLXRbQwE4PAt2mQLTGBqti.jpg",
      "genre_ids": [
        28,
        9648,
        53
      ],
      "id": 876969,
      "original_language": "en",
      "original_title": "Assassin Club",
      "overview": "In this world of contract killers, Morgan Gaines is the best of the best. When Morgan is hired to kill six people around the world, he soon discovers all the targets are also assassins unknowingly hired to kill each other.",
      "popularity": 227.448,
      "poster_path": "/y2d2SBqK33mGOG2CqAYMo3YbWE4.jpg",
      "release_date": "2023-02-24",
      "title": "Assassin Club",
      "video": false,
      "vote_average": 6.6,
      "vote_count": 66
    },
    {
      "adult": false,
      "backdrop_path": "/c5Iv48pLcIm52Wf4FeuSPPTM248.jpg",
      "genre_ids": [
        878,
        53,
        18
      ],
      "id": 516806,
      "original_language": "en",
      "original_title": "Last Sentinel",
      "overview": "Set in the future on a war-ravaged Earth, four exhausted soldiers man Sentinel - a remote military base in a vast ocean that separates two warring continents. While their tour of duty ended three months ago, the relief crew still hasn't arrived and as the empty weeks turn to months, paranoia descends, testing relationships to breaking point...",
      "popularity": 221.086,
      "poster_path": "/pD1o9B0ibENdNroYrBCQemG2jnr.jpg",
      "release_date": "2023-03-17",
      "title": "Last Sentinel",
      "video": false,
      "vote_average": 5.9,
      "vote_count": 48
    },
    {
      "adult": false,
      "backdrop_path": "/aeksAhU6dZl0Fclm3dBRt6cKBmD.jpg",
      "genre_ids": [
        35
      ],
      "id": 942922,
      "original_language": "en",
      "original_title": "80 for Brady",
      "overview": "A quartet of elderly best friends decide to live life to the fullest by taking a wild trip to the Super Bowl LI to see their hero Tom Brady play.",
      "popularity": 135.245,
      "poster_path": "/qhSFHOS9CeXTqGgmbCi5pteIc6k.jpg",
      "release_date": "2023-02-03",
      "title": "80 for Brady",
      "video": false,
      "vote_average": 6.5,
      "vote_count": 75
    }
  ],
  "total_pages": 97,
  "total_results": 1940
}
