{
  "dates": {
    "maximum": "2023-06-03",
    "minimum": "2023-04-16"
  },
  "page": 3,
  "results": [
    {
      "adult": false,
      "backdrop_path": "/h1gxz6U2HdDf0AMFXnehz0Muoup.jpg",
      "genre_ids": [
        35,
        12,
        10751
      ],
      "id": 643215,
      "original_language": "fr",
      "original_title": "Astérix & Obélix : L'Empire du Milieu",
      "overview": "Gallic heroes and forever friends Asterix and Obelix journey to China to help Princess Sa See save the Empress and her land from a nefarious prince.",
      "popularity": 204.707,
      "poster_path": "/ifOqT5SmA4ANjmyEacLw3KAFKUd.jpg",
      "release_date": "2023-02-01",
      "title": "Asterix & Obelix: The Middle Kingdom",
      "video": false,
      "vote_average": 4.9,
      "vote_count": 423
    },
    {
      "adult": false,
      "backdrop_path": "/vQ5T84t8h4N2xAswNFW9fkVIyZq.jpg",
      "genre_ids": [
        80,
        9648,
        53
      ],
      "id": 536437,
      "original_language": "en",
      "original_title": "Hypnotic",
      "overview": "A detective becomes entangled in a mystery involving his missing daughter and a secret government program while investigating a string of reality-bending crimes.",
      "popularity": 249.724,
      "poster_path": "/3IhGkkalwXguTlceGSl8XUJZOVI.jpg",
      "release_date": "2023-05-11",
      "title": "Hypnotic",
      "video": false,
      "vote_average": 6.7,
      "vote_count": 99
    },
    {
      "adult": false,
      "backdrop_path": "/Xfn9eDOaZKSz5W3PRoJI928I9c.jpg",
      "genre_ids": [
        28,
        12,
        36,
        18
      ],
      "id": 875104,
      "original_language": "zh",
      "original_title": "叶问宗师觉醒",
      "overview": "When a young Master Ip stops a kidnapping, he ignites a turf war with a ruthless human-trafficking ring. In retaliation, the gang kidnaps one of Ip Man's close friends, forcing him to face the group's brutal boxing champion head-on.",
      "popularity": 196.021,
      "poster_path": "/A7vhdyGrpPMKXsuFBZzxmave94F.jpg",
      "release_date": "2023-05-05",
      "title": "Ip Man: The Awakening",
      "video": false,
      "vote_average": 6.6,
      "vote_count": 14
    },
    {
      "adult": false,
      "backdrop_path": "/mK0a3t62lM8ho3mmvBWf6NxdWvw.jpg",
      "genre_ids": [
        27,
        9648
      ],
      "id": 532408,
      "original_language": "en",
      "original_title": "The Boogeyman",
      "overview": "Still reeling from the tragic death of their mother, a teenage girl and her younger sister find themselves plagued by a sadistic presence in their house and struggle to get their grieving father to pay attention before it’s too late.",
      "popularity": 175.467,
      "poster_path": "/8baL0K58kxUFuE4C6W2geW2b9sw.jpg",
      "release_date": "2023-05-31",
      "title": "The Boogeyman",
      "video": false,
      "vote_average": 6.3,
      "vote_count": 35
    },
    {
      "adult": false,
      "backdrop_path": "/33UGFiijBDX18NHecj5xz5GkkHt.jpg",
      "genre_ids": [
        18
      ],
      "id": 803694,
      "original_language": "fr",
      "original_title": "Les Enfants des autres",
      "overview": "Rachel loves her life, her students, her friends, her ex, her guitar lessons. When she falls in love with Ali, she grows close to his 4-year-old daughter, Leila. She tucks her in, looks after her, and loves her like a mother... which she isn’t. Not yet. Rachel is 40. The desire for a family of her own is growing stronger, and the clock is ticking. Is it too late?",
      "popularity": 158.953,
      "poster_path": "/5oDu0n0vc7D3t3RhxHDrT0Ezcoa.jpg",
      "release_date": "2022-09-21",
      "title": "Other People's Children",
      "video": false,
      "vote_average": 6.8,
      "vote_count": 122
    },
    {
      "adult": false,
      "backdrop_path": "/isGINC82PZmMblEJP2rBAvSlX37.jpg",
      "genre_ids": [
        16,
        10751,
        12,
        35
      ],
      "id": 599019,
      "original_language": "ru",
      "original_title": "Большое путешествие. Специальная доставка",
      "overview": "It has been a year since Mic Mic and Oscar returned from their incredible adventure. And now, after a diabolical plan by Vulture to sabotage the delivery of the Grizzly cub to his opponent in the American presidential elections, Mic Mic, Oscar, Panda teenager and Stork set off on another great adventure as they ride a zeppelin to return little Grizzly to its rightful parents and save the American elections and the whole continent from an erupting volcano.",
      "popularity": 173.323,
      "poster_path": "/dabXVfrAFfhDte8XVemom3mTJog.jpg",
      "release_date": "2022-10-07",
      "title": "Big Trip 2: Special Delivery",
      "video": false,
      "vote_average": 6.5,
      "vote_count": 71
    },
    {
      "adult": false,
      "backdrop_path": "/u5nY7pY2Y58o7dSM9cy6NclOV8V.jpg",
      "genre_ids": [
        27
      ],
      "id": 1023313,
      "original_language": "es",
      "original_title": "La Exorcista",
      "overview": "Ophelia, a young nun recently arriving in the town of San Ramon, is forced to perform an exorcism on a pregnant woman in danger of dying. Just when she thinks her possession has ended, she discovers that the evil presence hasn't disappeared yet. The director of the award-winning Here Comes the Devil and Late Phases adds a new twist to possession movies in one of this year's Latin American horror surprises.",
      "popularity": 184.628,
      "poster_path": "/d07xtqwq1uriQ1hda6qeu8Skt5m.jpg",
      "release_date": "2022-11-02",
      "title": "The Exorcist",
      "video": false,
      "vote_average": 5.9,
      "vote_count": 84
    },
    {
      "adult": false,
      "backdrop_path": "/pr5B7Hb7711QQDirAyS5P7fKjts.jpg",
      "genre_ids": [
        53,
        28,
        27,
        12,
        18
      ],
      "id": 760741,
      "original_language": "en",
      "original_title": "Beast",
      "overview": "A recently widowed man and his two teenage daughters travel to a game reserve in South Africa. However, their journey of healing soon turns into a fight for survival when a bloodthirsty lion starts to stalk them.",
      "popularity": 132.245,
      "poster_path": "/f18rGcLlawKjNC5KRh36S0mvRlY.jpg",
      "release_date": "2022-08-11",
      "title": "Beast",
      "video": false,
      "vote_average": 6.8,
      "vote_count": 1116
    },
    {
      "adult": false,
      "backdrop_path": "/4ZHrgFgl2NBHxDbCI5c2tVR4gZo.jpg",
      "genre_ids": [
        35,
        10749
      ],
      "id": 982271,
      "original_language": "en",
      "original_title": "Book Club: The Next Chapter",
      "overview": "Four best friends take their book club to Italy for the fun girls' trip they never had. When things go off the rails and secrets are revealed, their relaxing vacation turns into a once-in-a-lifetime cross-country adventure.",
      "popularity": 162.625,
      "poster_path": "/lXoeOcWWhPpLH1wzTIhOx8jydBo.jpg",
      "release_date": "2023-05-11",
      "title": "Book Club: The Next Chapter",
      "video": false,
      "vote_average": 7.1,
      "vote_count": 42
    },
    {
      "adult": false,
      "backdrop_path": "/dcUqcrdhi2Oxa2O0gb7usBzqmJY.jpg",
      "genre_ids": [
        18
      ],
      "id": 837938,
      "original_language": "en",
      "original_title": "The Inspection",
      "overview": "Ellis French is a young, gay Black man, rejected by his mother and with few options for his future, decides to join the Marines, doing whatever it takes to succeed in a system that would cast him aside. But even as he battles deep-seated prejudice and the grueling routines of basic training, he finds unexpected camaraderie, strength, and support in this new community, giving him a hard-earned sense of belonging that will shape his identity and forever change his life.",
      "popularity": 128.538,
      "poster_path": "/w7m962Crc1p4C4gM6ZJBArAikM9.jpg",
      "release_date": "2022-11-18",
      "title": "The Inspection",
      "video": false,
      "vote_average": 6.3,
      "vote_count": 28
    },
    {
      "adult": false,
      "backdrop_path": "/jpipejVjqn7ifln05xeq9zpvprf.jpg",
      "genre_ids": [
        27,
        53,
        9648
      ],
      "id": 717728,
      "original_language": "en",
      "original_title": "Jeepers Creepers : Reborn",
      "overview": "Forced to travel with her boyfriend to a horror festival, Laine begins to experience disturbing visions associated with the urban legend of The Creeper. As the festival arrives and the blood-soaked entertainment builds to a frenzy, she becomes the center of it while something unearthly has been summoned.",
      "popularity": 122.737,
      "poster_path": "/pyFyhcXx4kNnLbzEY5z5fc3RehQ.jpg",
      "release_date": "2022-09-15",
      "title": "Jeepers Creepers: Reborn",
      "video": false,
      "vote_average": 5.7,
      "vote_count": 793
    },
    {
      "adult": false,
      "backdrop_path": "/xLsMxgMjko1rWbIUbvf6UBjToBE.jpg",
      "genre_ids": [
        36,
        18
      ],
      "id": 878361,
      "original_language": "en",
      "original_title": "Big George Foreman",
      "overview": "Fueled by an impoverished childhood, George Foreman channeled his anger into becoming an Olympic Gold medalist and World Heavyweight Champion, followed by a near-death experience that took him from the boxing ring to the pulpit. But when he sees his community struggling spiritually and financially, Foreman returns to the ring and makes history by reclaiming his title, becoming the oldest and most improbable World Heavyweight Boxing Champion ever.",
      "popularity": 107.504,
      "poster_path": "/fdVd6thTstt0MQ4dUC1IXiOXpxv.jpg",
      "release_date": "2023-04-27",
      "title": "Big George Foreman",
      "video": false,
      "vote_average": 8,
      "vote_count": 44
    },
    {
      "adult": false,
      "backdrop_path": "/7TdVWAO7vV9j1OLDq1hQJS3pb4U.jpg",
      "genre_ids": [
        28,
        35,
        12,
        53
      ],
      "id": 739405,
      "original_language": "en",
      "original_title": "Operation Fortune: Ruse de Guerre",
      "overview": "Special agent Orson Fortune and his team of operatives recruit one of Hollywood's biggest movie stars to help them on an undercover mission when the sale of a deadly new weapons technology threatens to disrupt the world order.",
      "popularity": 106.509,
      "poster_path": "/uo7vWfQUlVwueYTDRicXOJa8Oow.jpg",
      "release_date": "2023-01-04",
      "title": "Operation Fortune: Ruse de Guerre",
      "video": false,
      "vote_average": 6.6,
      "vote_count": 792
    },
    {
      "adult": false,
      "backdrop_path": "/bKWFetR4injOJXOGHeLuTD7wHI4.jpg",
      "genre_ids": [
        27,
        53,
        14
      ],
      "id": 994128,
      "original_language": "es",
      "original_title": "Viejos",
      "overview": "An octogenarian named Manuel falls into a state of dementia after the sudden suicide of his wife, sparking a series of paranormal events that will put his family’s lives at risk.",
      "popularity": 128.694,
      "poster_path": "/88f35mGJOIE1nXgst5o4FvEDVzr.jpg",
      "release_date": "2023-04-21",
      "title": "The Elderly",
      "video": false,
      "vote_average": 6.8,
      "vote_count": 16
    },
    {
      "adult": false,
      "backdrop_path": "/bPlmTl2rrnzgRKinLvs4GUd0DPb.jpg",
      "genre_ids": [
        35
      ],
      "id": 1118721,
      "original_language": "es",
      "original_title": "Quiero Tu Vida",
      "overview": "A former pro football player must retire after a life-altering injury, and as the years passes he wishes to know how his life would've turned out had he remained a star.",
      "popularity": 108.022,
      "poster_path": "/hk2kW6uwTEa8cxDeF1UPfIpEYkF.jpg",
      "release_date": "2023-05-03",
      "title": "Quiero Tu Vida",
      "video": false,
      "vote_average": 6.6,
      "vote_count": 27
    },
    {
      "adult": false,
      "backdrop_path": "/2ZpwPckspTSY9sVEkjEyatgBWT7.jpg",
      "genre_ids": [
        27,
        53,
        18
      ],
      "id": 848058,
      "original_language": "es",
      "original_title": "Cerdita",
      "overview": "A bullied overweight teenager sees a glimpse of hope when her tormentors are brutally abducted by a mesmerizing stranger.",
      "popularity": 107.339,
      "poster_path": "/pIFeu5gF7ofAxI9NqrWbJAjjKn6.jpg",
      "release_date": "2022-10-07",
      "title": "Piggy",
      "video": false,
      "vote_average": 6.7,
      "vote_count": 382
    },
    {
      "adult": false,
      "backdrop_path": "/igXrblWrU1uaC09VKyquHHSebr.jpg",
      "genre_ids": [
        28,
        53
      ],
      "id": 717930,
      "original_language": "en",
      "original_title": "Kandahar",
      "overview": "After his mission is exposed, an undercover CIA operative stuck deep in hostile territory in Afghanistan must fight his way out, alongside his Afghan translator, to an extraction point in Kandahar, all whilst avoiding elite enemy forces and foreign spies tasked with hunting them down.",
      "popularity": 93.79,
      "poster_path": "/lCanGgsqF4xD2WA5NF8PWeT3IXd.jpg",
      "release_date": "2023-05-25",
      "title": "Kandahar",
      "video": false,
      "vote_average": 6.7,
      "vote_count": 11
    },
    {
      "adult": false,
      "backdrop_path": "/9zXPnbVpaDfTniLBuc5vgXGfzAP.jpg",
      "genre_ids": [
        28,
        53,
        80
      ],
      "id": 818397,
      "original_language": "en",
      "original_title": "Memory",
      "overview": "Alex, an assassin-for-hire, finds that he's become a target after he refuses to complete a job for a dangerous criminal organization. With the crime syndicate and FBI in hot pursuit, Alex has the skills to stay ahead, except for one thing: he is struggling with severe memory loss, affecting his every move. Alex must question his every action and whom he can ultimately trust.",
      "popularity": 102.19,
      "poster_path": "/4Q1n3TwieoULnuaztu9aFjqHDTI.jpg",
      "release_date": "2022-04-28",
      "title": "Memory",
      "video": false,
      "vote_average": 6.9,
      "vote_count": 1218
    },
    {
      "adult": false,
      "backdrop_path": "/jv9WTuEk7kW8JxgpjQ872CyiifP.jpg",
      "genre_ids": [
        10749,
        18,
        35
      ],
      "id": 758336,
      "original_language": "en",
      "original_title": "Love Again",
      "overview": "Mira Ray, dealing with the loss of her fiancé, sends a series of romantic texts to his old cell phone number… not realizing the number was reassigned to Rob Burns' new work phone. A journalist, Rob is captivated by the honesty in the beautifully confessional texts. When he’s assigned to write a profile of megastar Céline Dion, he enlists her help in figuring out how to meet Mira in person and win her heart.",
      "popularity": 122.413,
      "poster_path": "/yGEiqgynu453hMHxOZYtZlisv95.jpg",
      "release_date": "2023-05-04",
      "title": "Love Again",
      "video": false,
      "vote_average": 6.4,
      "vote_count": 53
    },
    {
      "adult": false,
      "backdrop_path": "/xiwHOMJRk24W9820HFSG7wdBuNa.jpg",
      "genre_ids": [
        18,
        27,
        53
      ],
      "id": 931954,
      "original_language": "es",
      "original_title": "Venus",
      "overview": "Lucía, a club dancer on the run, takes refuge in a sinister building on the outskirts of Madrid where her sister Rocío lives with her daughter Alba.",
      "popularity": 97.74,
      "poster_path": "/vyQmDx5CF8x9T6WKCLuoFotGpjf.jpg",
      "release_date": "2022-12-02",
      "title": "Venus",
      "video": false,
      "vote_average": 5.6,
      "vote_count": 88
    }
  ],
  "total_pages": 97,
  "total_results": 1940
}
