{
  "dates": {
    "maximum": "2023-06-03",
    "minimum": "2023-04-16"
  },
  "page": 9,
  "results": [
    {
      "adult": false,
      "backdrop_path": "/dWwcwqAOkS6e4GCRJ5fC9iSVx9O.jpg",
      "genre_ids": [
        28,
        12,
        18
      ],
      "id": 858082,
      "original_language": "ta",
      "original_title": "பொன்னியின் செல்வன்: பாகம் 2",
      "overview": "Arulmozhi Varman continues on his journey to become Rajaraja I, the greatest ruler of the historic Chola empire of South India.",
      "popularity": 19.886,
      "poster_path": "/1fMM5yjLYJNfO3CSQBpfC1kqeIK.jpg",
      "release_date": "2023-04-28",
      "title": "Ponniyin Selvan: Part II",
      "video": false,
      "vote_average": 6.8,
      "vote_count": 17
    },
    {
      "adult": false,
      "backdrop_path": "/ihLKlPCcC0ZZICh1fxlzsbXbGEq.jpg",
      "genre_ids": [
        28,
        53
      ],
      "id": 1093994,
      "original_language": "en",
      "original_title": "One Ranger",
      "overview": "A Texas Ranger is recruited by British Intelligence to track down a dangerous terrorist and stop him from attacking London.",
      "popularity": 17.363,
      "poster_path": "/puffdkze3GZmQHu2Hy8t1XdOYtM.jpg",
      "release_date": "2023-05-05",
      "title": "One Ranger",
      "video": false,
      "vote_average": 6.7,
      "vote_count": 23
    },
    {
      "adult": false,
      "backdrop_path": "/drNH9o8DHvFh648LRdxAm8BMZVJ.jpg",
      "genre_ids": [
        14,
        12,
        35
      ],
      "id": 830896,
      "original_language": "en",
      "original_title": "The Portable Door",
      "overview": "Paul and Sophie, interns at a mysterious London firm, become steadily aware their employers Humphrey and Dennis are anything but conventional - they are disrupting the world of magic by bringing modern corporate strategy to ancient magical practices.",
      "popularity": 25.281,
      "poster_path": "/15XCSwlniUZQOW7vD6tPM5e30wr.jpg",
      "release_date": "2023-03-23",
      "title": "The Portable Door",
      "video": false,
      "vote_average": 6.7,
      "vote_count": 81
    },
    {
      "adult": false,
      "backdrop_path": "/xKWKsL7VgaN5Ep697TB3H03lglM.jpg",
      "genre_ids": [
        18,
        35
      ],
      "id": 1096905,
      "original_language": "es",
      "original_title": "¿Cómo matar a mamá?",
      "overview": "After learning an irreversible truth, Camila, Teté and Margo must abandon their busy lives to come up with a plan to end their mother Rosalinda's life.",
      "popularity": 22.205,
      "poster_path": "/Af6hIxZhKzUNr02TZwethdrk5rP.jpg",
      "release_date": "2023-05-10",
      "title": "¿Cómo matar a mamá?",
      "video": false,
      "vote_average": 4.6,
      "vote_count": 4
    },
    {
      "adult": false,
      "backdrop_path": "/19W9NsT9k8HZYyD86uXamWtffka.jpg",
      "genre_ids": [
        35,
        18
      ],
      "id": 890215,
      "original_language": "en",
      "original_title": "You Hurt My Feelings",
      "overview": "A novelist's longstanding marriage is suddenly upended when she overhears her husband giving his honest reaction to her latest book.",
      "popularity": 18.711,
      "poster_path": "/do9UvkcDJeYbhYVoQPS00yOCYdc.jpg",
      "release_date": "2023-05-26",
      "title": "You Hurt My Feelings",
      "video": false,
      "vote_average": 7,
      "vote_count": 6
    },
    {
      "adult": false,
      "backdrop_path": "/bLmBVRkfL8STcix6N5kAVZvVUtZ.jpg",
      "genre_ids": [
        9648,
        53,
        18,
        878
      ],
      "id": 806929,
      "original_language": "en",
      "original_title": "The Immaculate Room",
      "overview": "Mike and Kate, a young couple, get the once-in-a lifetime chance to win a cool five million dollars. The challenge: Live for 50 days in a blank space. Sticking it out for thirty days, and the five million are theirs. How difficult can it be?",
      "popularity": 26.394,
      "poster_path": "/8L3Kb4C7h1g8L1I3OP5aUWHHMRG.jpg",
      "release_date": "2022-08-19",
      "title": "The Immaculate Room",
      "video": false,
      "vote_average": 5.6,
      "vote_count": 52
    },
    {
      "adult": false,
      "backdrop_path": "/ks3WTeuEaenmMiizxXba65Rxpu1.jpg",
      "genre_ids": [
        53,
        80,
        18
      ],
      "id": 823951,
      "original_language": "fr",
      "original_title": "Novembre",
      "overview": "In November 2015, a series of unprecedented and deadly attacks hits Paris. The anti-terrorist police led by Heloise and her chief commander Fred - face an unprecedented level of pressure: in a race against the clock, they must find the perpetrators of the attacks as quickly as possible before they can strike again, travelling across Europe and beyond in one of the biggest manhunts in history.",
      "popularity": 15.785,
      "poster_path": "/A5wae5M81jLTuv3WbCJfORxapRA.jpg",
      "release_date": "2022-10-05",
      "title": "November",
      "video": false,
      "vote_average": 7.2,
      "vote_count": 490
    },
    {
      "adult": false,
      "backdrop_path": "/lGILtR7KVASC4QTDA83SjTvBQnX.jpg",
      "genre_ids": [
        18
      ],
      "id": 770724,
      "original_language": "it",
      "original_title": "L'immensità",
      "overview": "The story of love between Clara and her children, set in Rome in the '70s.",
      "popularity": 18.626,
      "poster_path": "/8zVoxTnEXEbCAv4BCJRvb54sJKl.jpg",
      "release_date": "2022-09-15",
      "title": "The Immensity",
      "video": false,
      "vote_average": 6.5,
      "vote_count": 113
    },
    {
      "adult": false,
      "backdrop_path": "/6b6UpsOXmjO8mJKYsGTG9HW49CN.jpg",
      "genre_ids": [
        18,
        10749
      ],
      "id": 1443,
      "original_language": "en",
      "original_title": "The Virgin Suicides",
      "overview": "A group of male friends become obsessed with five mysterious sisters who are sheltered by their strict, religious parents.",
      "popularity": 12.709,
      "poster_path": "/1NCQtXPQnaHRjOZVmktA9BSM35F.jpg",
      "release_date": "1999-12-31",
      "title": "The Virgin Suicides",
      "video": false,
      "vote_average": 7.1,
      "vote_count": 2751
    },
    {
      "adult": false,
      "backdrop_path": "/cDA5NGs3o8mdgxqlqEGrDi56z2B.jpg",
      "genre_ids": [
        16,
        18,
        9648,
        14
      ],
      "id": 802699,
      "original_language": "ja",
      "original_title": "とつくにの少女",
      "overview": "Once upon a time, in a far, faraway place, there were two lands. The world was divided into an inner land and an outer land. People feared the outer land, inhabited by eerie beings, the carriers of curse. One day, on the border to the inner land inhabited by humans, one such being finds a girl on heaps of abandoned dead bodies. The girl says her name is Shiva and shows affection to the \"being\" who found her, calling him \"Teacher.\"  This is a story of two people—one human, one inhuman—who linger in the hazy twilight that separates night from day.",
      "popularity": 22.963,
      "poster_path": "/pxetgBMAyDg8dorRApnHPKvD74g.jpg",
      "release_date": "2022-03-10",
      "title": "The Girl from the Other Side",
      "video": false,
      "vote_average": 7.4,
      "vote_count": 14
    },
    {
      "adult": false,
      "backdrop_path": "/f76pf0QxldYY8mMHW4kudXhuLZB.jpg",
      "genre_ids": [
        18,
        36
      ],
      "id": 916386,
      "original_language": "de",
      "original_title": "Der Passfälscher",
      "overview": "Jewish aesthete Cioma, 21, does not let anyone take away his joy of life, especially not the Nazis. In 1942, he has to find new ways to make his living in Berlin and escape deportation. In the process he discovers his talent for forgery: not only with passports, but also his own identity.",
      "popularity": 18.715,
      "poster_path": "/iJmVqG9y156lRObOEIAOnAEnAnz.jpg",
      "release_date": "2022-10-13",
      "title": "The Forger",
      "video": false,
      "vote_average": 6.1,
      "vote_count": 13
    },
    {
      "adult": false,
      "backdrop_path": "/zw38XzfM7AGBrKQCJDnPU3mz9WC.jpg",
      "genre_ids": [
        16,
        18,
        12,
        14
      ],
      "id": 633844,
      "original_language": "ja",
      "original_title": "鹿の王 ユナと約束の旅",
      "overview": "Following a brutal war, former soldier Van toils in a mine controlled by the ruling empire. One day, his solitary existence is upended when a pack of wild dogs carrying a deadly and incurable disease attack, leaving only Van and a young girl named Yuna as survivors. Finally free, the pair seek out a simple existence in the countryside but are pursued by nefarious forces. Intent on protecting Yuna at all costs, Van must uncover the true cause of the plague ravaging the kingdom—and its possible cure.",
      "popularity": 22.938,
      "poster_path": "/tE6bhyMR973XcWr2gqeCmAgvvYW.jpg",
      "release_date": "2021-10-28",
      "title": "The Deer King",
      "video": false,
      "vote_average": 6.5,
      "vote_count": 39
    },
    {
      "adult": false,
      "backdrop_path": "/oUceCsSe255ZKXCMsHhqXM1xuUp.jpg",
      "genre_ids": [
        18
      ],
      "id": 8327,
      "original_language": "es",
      "original_title": "La montaña sagrada",
      "overview": "The Alchemist assembles together a group of people from all walks of life to represent the planets in the solar system. The occult adept's intention is to put his recruits through strange mystical rites and divest them of their worldly baggage before embarking on a trip to Lotus Island. There they ascend the Holy Mountain to displace the immortal gods who secretly rule the universe.",
      "popularity": 12.962,
      "poster_path": "/bvuWgH7MGYHBBdNeZcFDDA8vjYY.jpg",
      "release_date": "1973-11-29",
      "title": "The Holy Mountain",
      "video": false,
      "vote_average": 7.6,
      "vote_count": 768
    },
    {
      "adult": false,
      "backdrop_path": null,
      "genre_ids": [
        14,
        53
      ],
      "id": 979801,
      "original_language": "ta",
      "original_title": "வீரன்",
      "overview": "Kumaran has had a troubled childhood after getting hit by lightning, comes back to his village to fight evil elements and provide hope through indigenous deities.",
      "popularity": 12.334,
      "poster_path": "/9iRNyiT0dlRyaMWOBO1Hc6kaOcc.jpg",
      "release_date": "2023-06-02",
      "title": "Veeran",
      "video": false,
      "vote_average": 0,
      "vote_count": 0
    },
    {
      "adult": false,
      "backdrop_path": "/Ai4ax5yBpbOcKLuKuxvHQtY9pYy.jpg",
      "genre_ids": [
        18,
        35,
        10749,
        80
      ],
      "id": 892515,
      "original_language": "fr",
      "original_title": "Mascarade",
      "overview": "Adrien, an attractive dancer whose career was shattered by a motorbike accident, wastes his youth in the laziness of the French Riviera, where he is looked after by Martha, a former movie star. Adrien’s life is turned upside down when he meets Margot, a captivating beauty who lives for the thrill of scams and romantic entanglements. Together, they fantasise about a better life and set up a diabolical scheme, an emotional masquerade.",
      "popularity": 17.113,
      "poster_path": "/31KgCTaOuLJsUm2cGN2OffripeD.jpg",
      "release_date": "2022-11-01",
      "title": "Masquerade",
      "video": false,
      "vote_average": 6.9,
      "vote_count": 253
    },
    {
      "adult": false,
      "backdrop_path": "/8Y0RxH5cXiKV8C9Wyj6JkW9VYaG.jpg",
      "genre_ids": [
        27
      ],
      "id": 994143,
      "original_language": "en",
      "original_title": "Skinamarink",
      "overview": "Two children wake up in the middle of the night to find their father is missing, and all the windows and doors in their home have vanished.",
      "popularity": 15.549,
      "poster_path": "/8qOTi8VXvnuLH0jijMBCyygtV9d.jpg",
      "release_date": "2023-01-13",
      "title": "Skinamarink",
      "video": false,
      "vote_average": 5.9,
      "vote_count": 92
    },
    {
      "adult": false,
      "backdrop_path": "/oDNmuDhDxxu8u3FIE66Hkmd7RrQ.jpg",
      "genre_ids": [
        18,
        878,
        35
      ],
      "id": 864285,
      "original_language": "en",
      "original_title": "Unidentified Objects",
      "overview": "A curmudgeonly gay dwarf and his unstable, alien-obsessed neighbor are thrown together on an impossible road trip that will alter their strange friendship (and their sense of reality) forever.",
      "popularity": 11.801,
      "poster_path": "/w3OWKcdhL5A5R0LnOkcyD4cEyah.jpg",
      "release_date": "2023-06-02",
      "title": "Unidentified Objects",
      "video": false,
      "vote_average": 0,
      "vote_count": 0
    },
    {
      "adult": false,
      "backdrop_path": "/w2FsfkRBuoh9CXWWj0wdFiMkSBB.jpg",
      "genre_ids": [
        18
      ],
      "id": 1123960,
      "original_language": "hi",
      "original_title": "सिर्फ एक बंदा काफ़ी है",
      "overview": "An ordinary lawyer is out to fight an extraordinary case! But can he win against a powerful godman accused of assaulting a minor and deliver justice to the victim?",
      "popularity": 16.249,
      "poster_path": "/i8wMjVoQOyo9XUOrQk60WCcklCj.jpg",
      "release_date": "2023-06-02",
      "title": "Sirf Ek Bandaa Kaafi Hai",
      "video": false,
      "vote_average": 6.6,
      "vote_count": 7
    },
    {
      "adult": false,
      "backdrop_path": "/qqCuqHEKyMzqbGrHtjxFSNCViDA.jpg",
      "genre_ids": [
        18,
        10402
      ],
      "id": 326316,
      "original_language": "en",
      "original_title": "Spinning Gold",
      "overview": "A biopic of 1970s record producer Neil Bogart, co-founder of Casablanca Records.",
      "popularity": 17.323,
      "poster_path": "/pbCxv1KcdJhpzxCFsfHA3Tq9jtm.jpg",
      "release_date": "2023-03-31",
      "title": "Spinning Gold",
      "video": false,
      "vote_average": 4.2,
      "vote_count": 5
    },
    {
      "adult": false,
      "backdrop_path": "/9uB4MIZpfaVNe7z0Gz6jiLkRLJX.jpg",
      "genre_ids": [
        18
      ],
      "id": 952701,
      "original_language": "fr",
      "original_title": "Retour à Séoul",
      "overview": "On an impulse to reconnect with her origins, Freddie, 25, returns to South Korea for the first time, where she was born, before being adopted and raised in France. The headstrong young woman starts looking for her biological parents in a country she knows so little about, taking her life in new and unexpected directions.",
      "popularity": 14.83,
      "poster_path": "/x0bOXCGMxHc4RHeeZQFFLIM6fZJ.jpg",
      "release_date": "2022-12-02",
      "title": "Return to Seoul",
      "video": false,
      "vote_average": 6.2,
      "vote_count": 93
    }
  ],
  "total_pages": 97,
  "total_results": 1940
}
