{
  "dates": {
    "maximum": "2023-06-03",
    "minimum": "2023-04-16"
  },
  "page": 8,
  "results": [
    {
      "adult": false,
      "backdrop_path": "/fU92iWyQbysjAQmkfkuFxNlWzz1.jpg",
      "genre_ids": [
        878,
        12,
        14,
        28,
        35
      ],
      "id": 3604,
      "original_language": "en",
      "original_title": "Flash Gordon",
      "overview": "A football player and his mates travel to the planet Mongo and find themselves fighting the tyranny of Ming the Merciless to save Earth.",
      "popularity": 15.654,
      "poster_path": "/5PyiSSJ6lVsY8IbmPHBo1sp596h.jpg",
      "release_date": "1980-09-01",
      "title": "Flash Gordon",
      "video": false,
      "vote_average": 6.2,
      "vote_count": 835
    },
    {
      "adult": false,
      "backdrop_path": null,
      "genre_ids": [
        27
      ],
      "id": 1103016,
      "original_language": "es",
      "original_title": "Salve",
      "overview": "A couple of girls move into their grandmother's old house, but discover that they are not alone.",
      "popularity": 14.026,
      "poster_path": "/kfoonkYacmhfcSR1pQZUgZ2QHbZ.jpg",
      "release_date": "2023-06-03",
      "title": "Salve",
      "video": false,
      "vote_average": 2,
      "vote_count": 1
    },
    {
      "adult": false,
      "backdrop_path": "/mkAIX4Jzax9mNWMafZfUjNmanbA.jpg",
      "genre_ids": [
        878,
        53,
        9648
      ],
      "id": 986088,
      "original_language": "en",
      "original_title": "Control",
      "overview": "A young mother awakens in a mysterious cell and is forced to harness her telekinetic abilities in order to escape and save her daughter.",
      "popularity": 22.389,
      "poster_path": "/oxi29Eg7JymhqV5QkSrMviUb3e9.jpg",
      "release_date": "2022-09-23",
      "title": "Control",
      "video": false,
      "vote_average": 5.5,
      "vote_count": 22
    },
    {
      "adult": false,
      "backdrop_path": "/vFrvZjU6DnJzzIbeeKylilTfyui.jpg",
      "genre_ids": [
        18,
        14,
        10749,
        53
      ],
      "id": 820697,
      "original_language": "fr",
      "original_title": "Les Cinq diables",
      "overview": "Vicky lives with her mother Joanne and father Jimmie, a man struggling to find his place. When Vicky's aunt Julia arrives after being released from prison, her presence brings back the past in a violent, magical way.",
      "popularity": 20.387,
      "poster_path": "/5KZJZ3PlgqfCFMvn7D6yCyIRXAj.jpg",
      "release_date": "2022-08-31",
      "title": "The Five Devils",
      "video": false,
      "vote_average": 7,
      "vote_count": 92
    },
    {
      "adult": false,
      "backdrop_path": "/h1jF78eKPrqejbXe3OHQ2KxmTJ9.jpg",
      "genre_ids": [
        35,
        10749
      ],
      "id": 972230,
      "original_language": "en",
      "original_title": "Maybe I Do",
      "overview": "Michelle and Allen, who have reached the point in their relationship where they are considering next steps, decide to invite  their parents to finally meet and to offer some understanding of why marriage works. Except the parents already know each other quite well, which leads to some very distinct opinions about the value of marriage.",
      "popularity": 19.921,
      "poster_path": "/hy96dnwz562U3PhXMzJvKNPBGS.jpg",
      "release_date": "2023-01-27",
      "title": "Maybe I Do",
      "video": false,
      "vote_average": 6,
      "vote_count": 62
    },
    {
      "adult": false,
      "backdrop_path": "/oREkJ5uPIryJz0zWMASkGVLzeIc.jpg",
      "genre_ids": [
        28,
        18
      ],
      "id": 990140,
      "original_language": "cn",
      "original_title": "天龍八部之喬峰傳",
      "overview": "Qiao Feng is the respected leader of a roving band of martial artists. After he is wrongfully accused of murder and subsequently exiled, Qiao Feng goes on the run in search of answers about his own mysterious origin story—and the unknown enemies working to destroy him from the shadows.",
      "popularity": 24.775,
      "poster_path": "/jGKCpt3zzbGZbgoza6HCvecqElM.jpg",
      "release_date": "2023-01-16",
      "title": "Sakra",
      "video": false,
      "vote_average": 6.3,
      "vote_count": 53
    },
    {
      "adult": false,
      "backdrop_path": null,
      "genre_ids": [],
      "id": 1126629,
      "original_language": "en",
      "original_title": "Live Show 4",
      "overview": "LiveShow 4, mapapanood sina Leng, Sofia David, Say David, Emma Rouge, Gina Lima, Chelsea Suarez, Cariza Tiglao at Fhat Gonzales!",
      "popularity": 19.756,
      "poster_path": "/2mhB9512Yctn0bPPHHe9b2jpB22.jpg",
      "release_date": "2023-05-10",
      "title": "Live Show 4",
      "video": false,
      "vote_average": 0,
      "vote_count": 0
    },
    {
      "adult": false,
      "backdrop_path": "/xhJ9E1uYT7KO3gjdpUO2SCzR9dL.jpg",
      "genre_ids": [
        18
      ],
      "id": 916405,
      "original_language": "ga",
      "original_title": "An Cailín Ciúin",
      "overview": "A quiet, neglected girl is sent away from her dysfunctional family to live with relatives for the summer. She blossoms in their care, but in this house where there are meant to be no secrets, she discovers one.",
      "popularity": 21.612,
      "poster_path": "/kc6GM4gThJpXHE28MuLofDOmRLJ.jpg",
      "release_date": "2022-05-13",
      "title": "The Quiet Girl",
      "video": false,
      "vote_average": 7.6,
      "vote_count": 177
    },
    {
      "adult": false,
      "backdrop_path": "/vAsxVpXP53cMSsD9u4EekQKz4ur.jpg",
      "genre_ids": [
        18
      ],
      "id": 1050035,
      "original_language": "ja",
      "original_title": "怪物",
      "overview": "When her young son Minato starts to behave strangely, his mother feels that there is something wrong. Discovering that a teacher is responsible, she storms into the school demanding to know what's going on. But as the story unfolds through the eyes of mother, teacher and child, the truth gradually emerges.",
      "popularity": 16.662,
      "poster_path": "/uYsgrgeosOl9yzIAA0kqYOBm6hv.jpg",
      "release_date": "2023-06-02",
      "title": "Monster",
      "video": false,
      "vote_average": 6,
      "vote_count": 1
    },
    {
      "adult": false,
      "backdrop_path": "/wDTJw4z7DuqhEFPwkV5gmq7w0kR.jpg",
      "genre_ids": [
        18,
        28
      ],
      "id": 1012837,
      "original_language": "zh",
      "original_title": "长空之王",
      "overview": "A talented trainee pilot is given the opportunity to virtually test the latest fighter jet, which pushes him to his limits.",
      "popularity": 20.832,
      "poster_path": "/JACm93MwYwCF3mqFv69YFut2uc.jpg",
      "release_date": "2023-04-28",
      "title": "Born to Fly",
      "video": false,
      "vote_average": 4.8,
      "vote_count": 5
    },
    {
      "adult": false,
      "backdrop_path": "/mXBth6deOA3XLU6HKwoNor9UivP.jpg",
      "genre_ids": [
        27
      ],
      "id": 758769,
      "original_language": "en",
      "original_title": "Unwelcome",
      "overview": "Londoners Maya and Jamie escape their urban nightmare to the tranquility of rural Ireland only to discover malevolent, murderous goblins lurking in the gnarled, ancient wood at the foot of their new garden. When heavily pregnant Maya’s relationship with a local family turns sour, who – or what – will come to her rescue and what extremes will she go to to protect her unborn child?",
      "popularity": 18.272,
      "poster_path": "/88bGObx8YKLQDOOhcrBHHzXpiAv.jpg",
      "release_date": "2023-01-27",
      "title": "Unwelcome",
      "video": false,
      "vote_average": 6,
      "vote_count": 44
    },
    {
      "adult": false,
      "backdrop_path": "/8wdxa4JgiAXvITgqkra1W0Dpii5.jpg",
      "genre_ids": [
        28,
        18,
        36
      ],
      "id": 11645,
      "original_language": "ja",
      "original_title": "乱",
      "overview": "With Ran, legendary director Akira Kurosawa reimagines Shakespeare's King Lear as a singular historical epic set in sixteenth-century Japan. Majestic in scope, the film is Kurosawa's late-life masterpiece, a profound examination of the folly of war and the crumbling of one family under the weight of betrayal, greed, and the insatiable thirst for power.",
      "popularity": 13.808,
      "poster_path": "/jQnUtWaHYfqnXPOIf77K7Ycqk4M.jpg",
      "release_date": "1985-06-01",
      "title": "Ran",
      "video": false,
      "vote_average": 8.1,
      "vote_count": 1293
    },
    {
      "adult": false,
      "backdrop_path": "/zSre0UHWLSnDoNrM9F2Go9OXq5G.jpg",
      "genre_ids": [
        53
      ],
      "id": 921353,
      "original_language": "en",
      "original_title": "Wrong Place",
      "overview": "A methamphetamine cook hunts down the former police chief of a small town in order to silence him before he can deliver eyewitness testimony against his family, but ultimately finds himself up against more than he had bargained for.",
      "popularity": 15.795,
      "poster_path": "/mlEtOQAQVy6eW65sHz3UduvzRK.jpg",
      "release_date": "2022-07-15",
      "title": "Wrong Place",
      "video": false,
      "vote_average": 4.5,
      "vote_count": 42
    },
    {
      "adult": false,
      "backdrop_path": "/m42PtAhEtEqbNV8Cs8TsXcTN4ha.jpg",
      "genre_ids": [
        18,
        36
      ],
      "id": 719256,
      "original_language": "en",
      "original_title": "Jesus Revolution",
      "overview": "In the 1970s, aimless teenager Greg Laurie searches for all the right things in all the wrong places until he meets Lonnie Frisbee, a charismatic hippie/street preacher. Together with local pastor Chuck Smith, they open the doors of a languishing church to an unexpected revival.",
      "popularity": 20.429,
      "poster_path": "/wLSytRNOCq4Epz6cL9INHPJOrg0.jpg",
      "release_date": "2023-02-23",
      "title": "Jesus Revolution",
      "video": false,
      "vote_average": 7.2,
      "vote_count": 47
    },
    {
      "adult": false,
      "backdrop_path": "/jjtH0BTwO5026jyT4P4IFpbBQMw.jpg",
      "genre_ids": [
        18,
        10749
      ],
      "id": 1643,
      "original_language": "it",
      "original_title": "Ultimo tango a Parigi",
      "overview": "A recently widowed American begins an anonymous sexual relationship with a young Parisian woman.",
      "popularity": 16.299,
      "poster_path": "/vDuI72CpwWYIWJzNNA01PA2Utdr.jpg",
      "release_date": "1972-10-14",
      "title": "Last Tango in Paris",
      "video": false,
      "vote_average": 7,
      "vote_count": 1072
    },
    {
      "adult": false,
      "backdrop_path": "/yvotjJ9nKlPKiwc8PtktIjRCkof.jpg",
      "genre_ids": [
        18,
        36,
        10749
      ],
      "id": 921452,
      "original_language": "fr",
      "original_title": "Jeanne du Barry",
      "overview": "The life of Jeanne Bécu, who was born as the illegitimate daughter of an impoverished seamstress in 1743 and went on to rise through the Court of Louis XV to become his last official mistress.",
      "popularity": 24.804,
      "poster_path": "/o4WMgW6BJw5Tbj0dK3DJBVYku8Y.jpg",
      "release_date": "2023-05-16",
      "title": "Jeanne du Barry",
      "video": false,
      "vote_average": 7,
      "vote_count": 68
    },
    {
      "adult": false,
      "backdrop_path": "/1JtE1d15hl3FZlI1W1bfOenvbIX.jpg",
      "genre_ids": [
        18
      ],
      "id": 1022725,
      "original_language": "ca",
      "original_title": "Els encantats",
      "overview": "After her recent separation, Irene seeks to regain her calm in a village in the Catalan Pyrenees, but the familiarity of the place forces her to confront her fears.",
      "popularity": 13.927,
      "poster_path": "/pTqXpAAU1A8yor7A7ktRiKtifn0.jpg",
      "release_date": "2023-06-02",
      "title": "The Enchanted",
      "video": false,
      "vote_average": 0,
      "vote_count": 0
    },
    {
      "adult": false,
      "backdrop_path": "/hag9edxgL2RgG9FMfqAV0KgjPK0.jpg",
      "genre_ids": [
        18
      ],
      "id": 803700,
      "original_language": "it",
      "original_title": "Le otto montagne",
      "overview": "An epic journey of friendship and self-discovery set in the breathtaking Italian Alps, The Eight Mountains follows over four decades the profound, complex relationship between Pietro and Bruno.",
      "popularity": 25.531,
      "poster_path": "/ohD87uTlwOgNuUEYaW82ew9Eds7.jpg",
      "release_date": "2022-12-21",
      "title": "The Eight Mountains",
      "video": false,
      "vote_average": 7.8,
      "vote_count": 375
    },
    {
      "adult": false,
      "backdrop_path": "/5x4Jf9yhUEfFcLmmR3I6x1wM1wv.jpg",
      "genre_ids": [
        18,
        36
      ],
      "id": 1005814,
      "original_language": "en",
      "original_title": "Bones of Crows",
      "overview": "Cree matriarch Aline Spears survives a childhood in Canada’s residential school system to continue her family’s generational fight in the face of systemic starvation, racism, and sexual abuse. She uses her uncanny ability to understand and translate codes into working for a special division of the Canadian Air Force as a Cree code talker in World War II. The story unfolds over 100 years with a cumulative force that propels us into the future.",
      "popularity": 13.626,
      "poster_path": "/vnLqKXI6jSLGrK78ssaRZSftGez.jpg",
      "release_date": "2023-06-02",
      "title": "Bones of Crows",
      "video": false,
      "vote_average": 0,
      "vote_count": 0
    },
    {
      "adult": false,
      "backdrop_path": "/nRYqd191U8hw1nGQIX9QfmpTOUB.jpg",
      "genre_ids": [
        9648,
        53
      ],
      "id": 477018,
      "original_language": "fr",
      "original_title": "Les Traducteurs",
      "overview": "Nine translators, hired to translate the eagerly awaited final book of a bestselling trilogy, are confined in a luxurious bunker.",
      "popularity": 15.28,
      "poster_path": "/8A6qALzfMxgj51ly8KyTCZfXutG.jpg",
      "release_date": "2019-12-20",
      "title": "The Translators",
      "video": false,
      "vote_average": 6.5,
      "vote_count": 428
    }
  ],
  "total_pages": 97,
  "total_results": 1940
}
