{
  "dates": {
    "maximum": "2023-06-03",
    "minimum": "2023-04-16"
  },
  "page": 5,
  "results": [
    {
      "adult": false,
      "backdrop_path": "/zZnsfR6BRqtxyLyAhsi2TMukEBx.jpg",
      "genre_ids": [
        16,
        28,
        80,
        9648
      ],
      "id": 1047041,
      "original_language": "ja",
      "original_title": "名探偵コナン 黒鉄の魚影（サブマリン）",
      "overview": "The 26th movie entry in the “Detective Conan” franchise.",
      "popularity": 52.261,
      "poster_path": "/gWrZNGfGz68mBrVPn47cBMXPej3.jpg",
      "release_date": "2023-04-14",
      "title": "Detective Conan: Black Iron Submarine",
      "video": false,
      "vote_average": 6,
      "vote_count": 10
    },
    {
      "adult": false,
      "backdrop_path": "/tVH1qEFyKiCpP6kNDFyXKW2Tiif.jpg",
      "genre_ids": [
        53,
        9648
      ],
      "id": 768362,
      "original_language": "en",
      "original_title": "Missing",
      "overview": "When her mother disappears while on vacation in Colombia with her new boyfriend, June’s search for answers is hindered by international red tape. Stuck thousands of miles away in Los Angeles, June creatively uses all the latest technology at her fingertips to try and find her before it’s too late. But as she digs deeper, her digital sleuthing raises more questions than answers... and when June unravels secrets about her mom, she discovers that she never really knew her at all.",
      "popularity": 55.954,
      "poster_path": "/qgZuXiDAkXdARlsDzQwmrCpkqpL.jpg",
      "release_date": "2023-01-19",
      "title": "Missing",
      "video": false,
      "vote_average": 7.6,
      "vote_count": 434
    },
    {
      "adult": false,
      "backdrop_path": "/8c9c4xg0IdXDg627uQF35K54VpC.jpg",
      "genre_ids": [
        10749,
        35
      ],
      "id": 800301,
      "original_language": "en",
      "original_title": "What's Love Got to Do with It?",
      "overview": "Two childhood friends now in their thirties must decide whether to follow their heads or their hearts once the man decides to follow his parents' advice and enter into an arranged marriage in Pakistan.",
      "popularity": 40.609,
      "poster_path": "/14fGGPAL5PQxuesjO4CFoDJEH5G.jpg",
      "release_date": "2023-01-26",
      "title": "What's Love Got to Do with It?",
      "video": false,
      "vote_average": 6.2,
      "vote_count": 60
    },
    {
      "adult": false,
      "backdrop_path": "/zL4gtCeoPZkAFCKR0kNERpUiuPR.jpg",
      "genre_ids": [
        12,
        14,
        10751
      ],
      "id": 630,
      "original_language": "en",
      "original_title": "The Wizard of Oz",
      "overview": "Young Dorothy finds herself in a magical world where she makes friends with a lion, a scarecrow and a tin man as they make their way along the yellow brick road to talk with the Wizard and ask for the things they miss most in their lives. The Wicked Witch of the West is the only thing that could stop them.",
      "popularity": 39.643,
      "poster_path": "/bSA6DbAC5gdkaooU164lQUX6rVs.jpg",
      "release_date": "1939-08-15",
      "title": "The Wizard of Oz",
      "video": false,
      "vote_average": 7.6,
      "vote_count": 4968
    },
    {
      "adult": false,
      "backdrop_path": "/qHurP5rHZk63ZIcjegKy1M57oC7.jpg",
      "genre_ids": [
        35,
        9648,
        28
      ],
      "id": 983883,
      "original_language": "zh",
      "original_title": "關於我和鬼變成家人的那件事",
      "overview": "A traditional same sex marriage between a human and a ghost.  One day a police officer finds a red wedding envelope, only to find out that the owner of the red envelope is in fact a ghost from the other side asking for the officers hand in marriage before reincarnation. What will happen when a human and a ghost form a special bond?",
      "popularity": 59.362,
      "poster_path": "/wC3tvtiM5duRJHntLaNyQuGZsYg.jpg",
      "release_date": "2023-02-10",
      "title": "Marry My Dead Body",
      "video": false,
      "vote_average": 6.4,
      "vote_count": 8
    },
    {
      "adult": false,
      "backdrop_path": "/3AkLQG72soWvvmTFNkPWoOITz1Y.jpg",
      "genre_ids": [
        27
      ],
      "id": 893370,
      "original_language": "es",
      "original_title": "Virus: 32",
      "overview": "A virus is unleashed and a chilling massacre runs through the streets of Montevideo.",
      "popularity": 56.062,
      "poster_path": "/wZiF79hbhLK1U2Pj9bF67NAKXQR.jpg",
      "release_date": "2022-04-21",
      "title": "Virus:32",
      "video": false,
      "vote_average": 6.9,
      "vote_count": 212
    },
    {
      "adult": false,
      "backdrop_path": "/5DKVH8KeqFwPacWFMyYqTaECxJP.jpg",
      "genre_ids": [
        80,
        28
      ],
      "id": 955555,
      "original_language": "ko",
      "original_title": "범죄도시 3",
      "overview": "Detective Ma Seok-do changes his affiliation from the Geumcheon Police Station to the Metropolitan Investigation Team, in order to eradicate Japanese gangsters who enter Korea to commit heinous crimes.",
      "popularity": 42.691,
      "poster_path": "/yHhukgn4mq6lEqQrNVNcVEzqCaU.jpg",
      "release_date": "2023-05-31",
      "title": "The Roundup: No Way Out",
      "video": false,
      "vote_average": 6.3,
      "vote_count": 4
    },
    {
      "adult": false,
      "backdrop_path": "/jDCcOQyBa4nFhjc0J19JnIbzR6U.jpg",
      "genre_ids": [
        35
      ],
      "id": 1064103,
      "original_language": "es",
      "original_title": "Como Dios manda",
      "overview": "Andres Cuadrado is an old-fashioned civil servant. Conservative and somewhat macho, he takes his job at the Ministry of Finance very seriously. He considers himself above all a person \"as God commands\" and, consequently, he takes it for granted that everything responds to a natural, hierarchical and immovable order. After an unfortunate confrontation with a colleague, Andrés is disciplined and transferred to the Ministry of Equality. There everything is totally new to him: there are no assigned places, no schedules, and everyone is a vegan. Andres will have a lot of catching up to do to adapt to this new order of things.",
      "popularity": 37.437,
      "poster_path": "/mo107Ra6XVHbvCEg1Opfmg9HTND.jpg",
      "release_date": "2023-06-02",
      "title": "Como Dios manda",
      "video": false,
      "vote_average": 0,
      "vote_count": 0
    },
    {
      "adult": false,
      "backdrop_path": "/xQyGkQ8ICa4lgifGr3oZjkm3AJ2.jpg",
      "genre_ids": [
        18
      ],
      "id": 804095,
      "original_language": "en",
      "original_title": "The Fabelmans",
      "overview": "Growing up in post-World War II era Arizona, young Sammy Fabelman aspires to become a filmmaker as he reaches adolescence, but soon discovers a shattering family secret and explores how the power of films can help him see the truth.",
      "popularity": 50.628,
      "poster_path": "/d2IywyOPS78vEnJvwVqkVRTiNC1.jpg",
      "release_date": "2022-11-11",
      "title": "The Fabelmans",
      "video": false,
      "vote_average": 7.8,
      "vote_count": 1457
    },
    {
      "adult": false,
      "backdrop_path": "/5CrqsVDEukfvTUxmPWe1I32PS9K.jpg",
      "genre_ids": [
        53,
        9648,
        18
      ],
      "id": 850028,
      "original_language": "en",
      "original_title": "Alice, Darling",
      "overview": "A young woman trapped in an abusive relationship becomes an unwitting participant in an intervention staged by her two closest friends.",
      "popularity": 41.845,
      "poster_path": "/ybqS7I4tuMs1TIssvuLMk2lYlLe.jpg",
      "release_date": "2022-12-30",
      "title": "Alice, Darling",
      "video": false,
      "vote_average": 5.9,
      "vote_count": 97
    },
    {
      "adult": false,
      "backdrop_path": "/7HBeb6wuw1pKu1Rc3ySZ5C1tQiF.jpg",
      "genre_ids": [
        18,
        35,
        10749
      ],
      "id": 953661,
      "original_language": "es",
      "original_title": "Ramona",
      "overview": "After living in London for several years, Ramona and her boyfriend Nico, return to Madrid where she hopes to re-start her acting career. The evening before her first audition she meets Bruno, an older man. The following day, at the audition, she discovers that Bruno is the director of the film.",
      "popularity": 41.377,
      "poster_path": "/x6hNX9hVXt9PgeLgBhd5hcvcjFh.jpg",
      "release_date": "2022-11-25",
      "title": "Ramona",
      "video": false,
      "vote_average": 7.4,
      "vote_count": 18
    },
    {
      "adult": false,
      "backdrop_path": "/15BnuDQ8pYRmLqPZKAk5vIhUu9J.jpg",
      "genre_ids": [
        37,
        53
      ],
      "id": 843380,
      "original_language": "en",
      "original_title": "Dead for a Dollar",
      "overview": "In 1897, veteran bounty hunter Max Borlund is deep into Mexico where he encounters professional gambler and outlaw Joe Cribbens — a sworn enemy he sent to prison years before. Max is on a mission to find and return Rachel Kidd, the wife of a wealthy businessman, who as the story is told to Max, has been abducted by Buffalo Soldier Elijah Jones. Max is ultimately faced with a showdown to save honor.",
      "popularity": 63.023,
      "poster_path": "/1AnXfjxFqMsQmUPSvt9YxUJhfFw.jpg",
      "release_date": "2022-09-30",
      "title": "Dead for a Dollar",
      "video": false,
      "vote_average": 5.7,
      "vote_count": 87
    },
    {
      "adult": false,
      "backdrop_path": "/2hqfQkNJs44wMnfQx6CldxdEQDd.jpg",
      "genre_ids": [
        16,
        14,
        12
      ],
      "id": 955644,
      "original_language": "en",
      "original_title": "Mia and Me: The Hero of Centopia",
      "overview": "Mia discovers her magic stone is part of an ancient prophecy and embarks on a thrilling journey to the farthest islands of Centopia to face a great evil, and shape her own destiny.",
      "popularity": 48.513,
      "poster_path": "/a3ZpDsvNCQUOD7ApAs9y3mFwVU4.jpg",
      "release_date": "2022-05-26",
      "title": "Mia and Me: The Hero of Centopia",
      "video": false,
      "vote_average": 7.1,
      "vote_count": 55
    },
    {
      "adult": false,
      "backdrop_path": "/3cyjYtLWCBE1uvWINHFsFnE8LUK.jpg",
      "genre_ids": [
        12,
        14,
        16,
        28,
        10751,
        10749
      ],
      "id": 10515,
      "original_language": "ja",
      "original_title": "天空の城ラピュタ",
      "overview": "A young boy and a girl with a magic crystal must race against pirates and foreign agents in a search for a legendary floating castle.",
      "popularity": 43.045,
      "poster_path": "/pvH9ZafnrV94qzlJvi1nW0BiM1e.jpg",
      "release_date": "1986-08-02",
      "title": "Castle in the Sky",
      "video": false,
      "vote_average": 8,
      "vote_count": 3581
    },
    {
      "adult": false,
      "backdrop_path": "/l2VqHMBEwAYZh6DeAZSlOzAXw7N.jpg",
      "genre_ids": [
        35
      ],
      "id": 933419,
      "original_language": "en",
      "original_title": "Champions",
      "overview": "A stubborn and hotheaded minor league basketball coach is forced to train a Special Olympics team when he is sentenced to community service.",
      "popularity": 54.36,
      "poster_path": "/yVgtsoXyTZBww7SWE4JE1U4Wcel.jpg",
      "release_date": "2023-03-09",
      "title": "Champions",
      "video": false,
      "vote_average": 6.8,
      "vote_count": 117
    },
    {
      "adult": false,
      "backdrop_path": "/k88X6FXbypxL6OeoV5bDcTK1gfM.jpg",
      "genre_ids": [
        9648,
        53,
        80
      ],
      "id": 844417,
      "original_language": "en",
      "original_title": "Marlowe",
      "overview": "Private detective Philip Marlowe becomes embroiled in an investigation involving a wealthy Californian family after a beautiful blonde hires him to track down her former lover.",
      "popularity": 36.261,
      "poster_path": "/vjAMj81oYBryzGBhJk4gcK0M636.jpg",
      "release_date": "2023-02-15",
      "title": "Marlowe",
      "video": false,
      "vote_average": 6.2,
      "vote_count": 131
    },
    {
      "adult": false,
      "backdrop_path": "/8W89QHsRBsonf8PyWdqdfGnOowp.jpg",
      "genre_ids": [
        35
      ],
      "id": 829051,
      "original_language": "en",
      "original_title": "About My Father",
      "overview": "Encouraged by his fiancée, Sebastian brings his immigrant, hairdresser father, Salvo, to a weekend get-together with Ellie's super-rich and exceedingly eccentric family.",
      "popularity": 34.983,
      "poster_path": "/gNn05j3NIZ0sCkara0PNU5dmkTn.jpg",
      "release_date": "2023-05-25",
      "title": "About My Father",
      "video": false,
      "vote_average": 5.4,
      "vote_count": 7
    },
    {
      "adult": false,
      "backdrop_path": "/lKj2x2dNpDRTsGB81Pnc8jepRnR.jpg",
      "genre_ids": [
        99,
        10402
      ],
      "id": 773736,
      "original_language": "en",
      "original_title": "TINA",
      "overview": "Tina Turner overcame impossible odds to become one of the first female African American artists to reach a mainstream international audience. Her road to superstardom is an undeniable story of triumph over adversity. It’s the ultimate story of survival – and an inspirational story of our times.",
      "popularity": 33.504,
      "poster_path": "/swU4ohKgD5sSGpQkRF6VbKT0Os0.jpg",
      "release_date": "2023-05-27",
      "title": "TINA",
      "video": false,
      "vote_average": 7.8,
      "vote_count": 5
    },
    {
      "adult": false,
      "backdrop_path": "/spHgY9GdIK6agLUnPmD0yVn3kcG.jpg",
      "genre_ids": [
        878,
        9648,
        12
      ],
      "id": 62,
      "original_language": "en",
      "original_title": "2001: A Space Odyssey",
      "overview": "Humanity finds a mysterious object buried beneath the lunar surface and sets off to find its origins with the help of HAL 9000, the world's most advanced super computer.",
      "popularity": 38.687,
      "poster_path": "/ve72VxNqjGM69Uky4WTo2bK6rfq.jpg",
      "release_date": "1968-04-02",
      "title": "2001: A Space Odyssey",
      "video": false,
      "vote_average": 8.1,
      "vote_count": 10257
    },
    {
      "adult": false,
      "backdrop_path": "/dnrUa6EXInBVfuPZLMDvkH7bMBi.jpg",
      "genre_ids": [
        18
      ],
      "id": 855263,
      "original_language": "en",
      "original_title": "A Thousand and One",
      "overview": "Struggling but unapologetically living on her own terms, Inez is moving from shelter to shelter in mid-1990s New York City. With her 6-year-old son Terry in foster care and unable to leave him again, she kidnaps him so they can build their life together. As the years go by, their family grows and Terry becomes a smart yet quiet teenager, but the secret that has defined their lives threatens to destroy the home they have so improbably built.",
      "popularity": 43.219,
      "poster_path": "/9yMQxHIQERFxNPnbbhxOO8nqVdq.jpg",
      "release_date": "2023-03-31",
      "title": "A Thousand and One",
      "video": false,
      "vote_average": 7,
      "vote_count": 20
    }
  ],
  "total_pages": 97,
  "total_results": 1940
}
