{
  "dates": {
    "maximum": "2023-06-03",
    "minimum": "2023-04-16"
  },
  "page": 6,
  "results": [
    {
      "adult": false,
      "backdrop_path": "/uHmvk8FnoxpgujDU0RIXLkv2fNt.jpg",
      "genre_ids": [
        16,
        35,
        12,
        10751
      ],
      "id": 573164,
      "original_language": "es",
      "original_title": "Un rescate de huevitos",
      "overview": "Toto and his friends must rescue his egg children after they're taken away for a gourmet food event in Africa.",
      "popularity": 40.84,
      "poster_path": "/7he8glf7j41d3amgf4Nbpt3HVq1.jpg",
      "release_date": "2021-08-12",
      "title": "An Egg Rescue",
      "video": false,
      "vote_average": 7.9,
      "vote_count": 342
    },
    {
      "adult": false,
      "backdrop_path": "/hhICjHximfBciqxX09d91GgghV8.jpg",
      "genre_ids": [
        18
      ],
      "id": 965150,
      "original_language": "en",
      "original_title": "Aftersun",
      "overview": "Sophie reflects on the shared joy and private melancholy of a holiday she took with her father twenty years earlier. Memories real and imagined fill the gaps between miniDV footage as she tries to reconcile the father she knew with the man she didn't.",
      "popularity": 36.413,
      "poster_path": "/jeXmhP2zbUkREMRqFOYIwQOk49T.jpg",
      "release_date": "2022-10-21",
      "title": "Aftersun",
      "video": false,
      "vote_average": 7.7,
      "vote_count": 703
    },
    {
      "adult": false,
      "backdrop_path": "/sqhkXyMjB33EOUvZ5ffa1g0yjQ7.jpg",
      "genre_ids": [
        16,
        28,
        12,
        18,
        9648
      ],
      "id": 542507,
      "original_language": "ja",
      "original_title": "プリンセス・プリンシパル Crown Handler 第1章",
      "overview": "Control — the Commonwealth's covert ops group — suspects a double agent within the Kingdom's royal family and dispatches Ange and the rest of \"Team White Pigeon\" to discover the truth.  The first chapter of six-part film sequels for Princess Principal series.",
      "popularity": 41.933,
      "poster_path": "/iD09UJgG3SIfmI28YsfzYwB6AZQ.jpg",
      "release_date": "2021-02-11",
      "title": "Princess Principal Crown Handler: Chapter 1",
      "video": false,
      "vote_average": 5.6,
      "vote_count": 19
    },
    {
      "adult": false,
      "backdrop_path": "/iaMIylLoN7Y3CvrA0pg2ZFKjk26.jpg",
      "genre_ids": [
        10752,
        18,
        28
      ],
      "id": 1047925,
      "original_language": "en",
      "original_title": "Come Out Fighting",
      "overview": "In WWII, a squad of U.S. African-American soldiers are sent on a rescue mission behind enemy lines to locate their lost commanding officer and a downed fighter pilot.",
      "popularity": 33.23,
      "poster_path": "/pDZchncQsRj2QIX8K0lzvM9mXGa.jpg",
      "release_date": "2023-05-19",
      "title": "Come Out Fighting",
      "video": false,
      "vote_average": 5.1,
      "vote_count": 11
    },
    {
      "adult": false,
      "backdrop_path": "/2XzuzOuuwoyynm9vu6yOQrhfM36.jpg",
      "genre_ids": [
        35,
        12,
        14
      ],
      "id": 798286,
      "original_language": "en",
      "original_title": "Beau Is Afraid",
      "overview": "A paranoid man embarks on an epic odyssey to get home to his mother.",
      "popularity": 38.049,
      "poster_path": "/wgVkkjigF31r1nZV80uV0xNIoun.jpg",
      "release_date": "2023-03-11",
      "title": "Beau Is Afraid",
      "video": false,
      "vote_average": 7.2,
      "vote_count": 263
    },
    {
      "adult": false,
      "backdrop_path": "/psYeKwKclG4XaIop5suj1J0Kg2C.jpg",
      "genre_ids": [
        12,
        28,
        878
      ],
      "id": 1892,
      "original_language": "en",
      "original_title": "Return of the Jedi",
      "overview": "Luke Skywalker leads a mission to rescue his friend Han Solo from the clutches of Jabba the Hutt, while the Emperor seeks to destroy the Rebellion once and for all with a second dreaded Death Star.",
      "popularity": 28.665,
      "poster_path": "/xxCnFmRZ83jHTZsBiceG4IBUGoq.jpg",
      "release_date": "1983-05-25",
      "title": "Return of the Jedi",
      "video": false,
      "vote_average": 7.9,
      "vote_count": 14249
    },
    {
      "adult": false,
      "backdrop_path": "/pcZuGnZm4tSn9slGrsveEvFeM3N.jpg",
      "genre_ids": [
        12,
        36,
        18
      ],
      "id": 796185,
      "original_language": "fr",
      "original_title": "Les Trois Mousquetaires: D'Artagnan",
      "overview": "D'Artagnan, a spirited young Gascon, is left for dead after trying to save a noblewoman from being kidnapped. Once in Paris, he tries by all means to find his attackers, unaware that his quest will lead him to the very heart of a war where the future of France is at stake. Aided by King's Musketeers Athos, Porthos and Aramis, he faces the machinations of villainous Cardinal Richelieu and Milady de Winter, while falling in love with Constance, the Queen's confidante.",
      "popularity": 35.461,
      "poster_path": "/hfExJPcbBtDeFDEb7I1By72Drlr.jpg",
      "release_date": "2023-04-05",
      "title": "The Three Musketeers: D'Artagnan",
      "video": false,
      "vote_average": 7.3,
      "vote_count": 356
    },
    {
      "adult": false,
      "backdrop_path": "/g4SaFrFkhJGNkio5pzSTmAAy20E.jpg",
      "genre_ids": [
        18,
        10749,
        37
      ],
      "id": 963765,
      "original_language": "es",
      "original_title": "Extraña forma de vida",
      "overview": "After twenty-five years, Silva rides a horse across the desert to visit his friend, sheriff Jake. They celebrate the meeting, but the next morning, Jake tells him that reason for his trip is not to go down the memory lane of their friendship.",
      "popularity": 32.24,
      "poster_path": "/51Xi3oLZTAQ98JPzTYqvuTp6SZT.jpg",
      "release_date": "2023-05-26",
      "title": "Strange Way of Life",
      "video": false,
      "vote_average": 6.6,
      "vote_count": 10
    },
    {
      "adult": false,
      "backdrop_path": "/aAK25IGWGCk33c2rO2eYcek9rIB.jpg",
      "genre_ids": [
        18,
        27,
        9648,
        53
      ],
      "id": 934131,
      "original_language": "en",
      "original_title": "Soft & Quiet",
      "overview": "Taking place in real time, elementary school teacher Emily organizes a mixer of like-minded women, but an altercation between a woman from Emily’s past and the group leads to a volatile chain of events.",
      "popularity": 47.144,
      "poster_path": "/hrtO0sVcXolaiIjVoOADO2M24jm.jpg",
      "release_date": "2022-11-04",
      "title": "Soft & Quiet",
      "video": false,
      "vote_average": 6.1,
      "vote_count": 65
    },
    {
      "adult": false,
      "backdrop_path": "/a9zLkSGkP4NLSwTEr67RDM6eWIC.jpg",
      "genre_ids": [
        14,
        16,
        12,
        10751
      ],
      "id": 459003,
      "original_language": "uk",
      "original_title": "Мавка: Лісова пісня",
      "overview": "Mavka — a Soul of the Forest and its Warden — faces an impossible choice between love and her duty as guardian to the Heart of the Forest, when she falls in love with a human — the talented young musician Lukas.",
      "popularity": 35.686,
      "poster_path": "/eeJjd9JU2Mdj9d7nWRFLWlrcExi.jpg",
      "release_date": "2023-03-02",
      "title": "Mavka: The Forest Song",
      "video": false,
      "vote_average": 6.9,
      "vote_count": 29
    },
    {
      "adult": false,
      "backdrop_path": "/gGZxCy9keK0D6TxbmS8GJj85Ut4.jpg",
      "genre_ids": [
        80,
        35
      ],
      "id": 809787,
      "original_language": "en",
      "original_title": "Mafia Mamma",
      "overview": "A suburban American woman inherits her grandfather’s Mafia empire and, guided by the Firm’s trusted consigliere, defies everyone’s expectations, including her own, as the new head of the family business.",
      "popularity": 36.437,
      "poster_path": "/zi0Lrmtvhrz52VXUjwEKlXItF9q.jpg",
      "release_date": "2023-04-13",
      "title": "Mafia Mamma",
      "video": false,
      "vote_average": 6.8,
      "vote_count": 51
    },
    {
      "adult": false,
      "backdrop_path": "/bGfbeZ52aqTvxde9pjyC62jaSUg.jpg",
      "genre_ids": [
        18
      ],
      "id": 919570,
      "original_language": "ro",
      "original_title": "R.M.N.",
      "overview": "A few days before Christmas, having quit his job in Germany, Matthias returns to his Transylvanian village. He wishes to involve himself more in the education of his son, Rudi, left for too long in the care of his mother, Ana, and to rid him of the unresolved fears that have gripped him. He’s also eager to see his ex-lover Csilla and preoccupied about his old father, Otto. When a few new workers are hired at the small factory that Csilla manages, the peace of the community is disturbed, underlying fears grip the adults, and frustrations, conflicts and passions erupt through the thin sliver of apparent understanding and calm.",
      "popularity": 43.411,
      "poster_path": "/3VXhOYh7q8GNVoZOlE8n4YR8QEu.jpg",
      "release_date": "2022-06-03",
      "title": "R.M.N.",
      "video": false,
      "vote_average": 6.9,
      "vote_count": 68
    },
    {
      "adult": false,
      "backdrop_path": "/9gk6UmahCeOrKCfJbF6kYhCNj2I.jpg",
      "genre_ids": [
        18,
        53,
        36
      ],
      "id": 949903,
      "original_language": "fr",
      "original_title": "Apaches",
      "overview": "1900. From Montmartre to Belleville, Paris is in the hands of ultra-violent gangs that reign terror on the capital: the Apaches. Ready to do anything to avenge the death of her brother, a young woman joins a gang. But the closer she gets to the man she wants to eliminate, the more fascinated she becomes by him.",
      "popularity": 30.595,
      "poster_path": "/tUez9nfKgolfL2seCMFz2VofgI2.jpg",
      "release_date": "2023-03-29",
      "title": "Apaches: Gang of Paris",
      "video": false,
      "vote_average": 5.8,
      "vote_count": 25
    },
    {
      "adult": false,
      "backdrop_path": "/cUHxmWfkp6se0Rt10Kr86bMCYDE.jpg",
      "genre_ids": [
        35,
        18,
        36
      ],
      "id": 1016084,
      "original_language": "en",
      "original_title": "BlackBerry",
      "overview": "Two mismatched entrepreneurs – egghead innovator Mike Lazaridis and cut-throat businessman Jim Balsillie – joined forces in an endeavour that was to become a worldwide hit in little more than a decade. The story of the meteoric rise and catastrophic demise of the world's first smartphone.",
      "popularity": 43.945,
      "poster_path": "/neV35lK7em4rIY9QIoH1cruErPA.jpg",
      "release_date": "2023-05-11",
      "title": "BlackBerry",
      "video": false,
      "vote_average": 7.8,
      "vote_count": 23
    },
    {
      "adult": false,
      "backdrop_path": "/9fUu0jwR1V5OJ9M1G4XCDsD4sQz.jpg",
      "genre_ids": [
        18,
        10749
      ],
      "id": 666277,
      "original_language": "en",
      "original_title": "Past Lives",
      "overview": "Nora and Hae Sung, two deeply connected childhood friends, are wrest apart after Nora’s family emigrates from South Korea. Two decades later, they are reunited in New York for one fateful week as they confront notions of destiny, love, and the choices that make a life.",
      "popularity": 25.686,
      "poster_path": "/gXt3eVpaBq6q9SaLDrgSnzsUyIl.jpg",
      "release_date": "2023-06-02",
      "title": "Past Lives",
      "video": false,
      "vote_average": 9.5,
      "vote_count": 2
    },
    {
      "adult": false,
      "backdrop_path": "/bQTfSXQrcVwXJ5TvNzbd3ioMnnM.jpg",
      "genre_ids": [
        9648,
        53,
        28,
        18
      ],
      "id": 862552,
      "original_language": "en",
      "original_title": "The Ritual Killer",
      "overview": "Unable to process the death of his daughter, Detective Boyd embarks on a hunt for a serial killer who murders according to a brutal tribal ritual: Muti. The only person who can help Boyd is Professor Mackles, an anthropologist who hides an unspeakable secret. The line between sanity and madness thins as Boyd goes deeper into the killer’s world.",
      "popularity": 28.936,
      "poster_path": "/1VtHaELqLMovl8EueBWHDtihhzF.jpg",
      "release_date": "2023-03-09",
      "title": "The Ritual Killer",
      "video": false,
      "vote_average": 5.8,
      "vote_count": 59
    },
    {
      "adult": false,
      "backdrop_path": "/qdP9mPBWpZfFkEBVvSpeqxqNsTo.jpg",
      "genre_ids": [
        80,
        28
      ],
      "id": 760568,
      "original_language": "it",
      "original_title": "Bastardi a mano armata",
      "overview": "An isolated villa, a family just like the others. Michele has remarried beautiful Damiana, and lives with her and her daughter Fiore, a seductive teen with whom he has an intricate relationship. In the middle of the night, Sergio, an ex-con, bursts in the villa and abducts the family. his mission: retrieve and bring back to Caligola, the man who hired him, some important documents, now seeminlgy buried somewhere in the greenhouse near the house.",
      "popularity": 9.786,
      "poster_path": "/hoApmeZFZgaDnPSIT2Pgdor2G4c.jpg",
      "release_date": "2023-05-31",
      "title": "A Bunch of Bastards",
      "video": false,
      "vote_average": 2,
      "vote_count": 1
    },
    {
      "adult": false,
      "backdrop_path": "/zRYEY4bLpJUlOYdFo3apF9ALFis.jpg",
      "genre_ids": [
        53,
        27,
        9648
      ],
      "id": 1020910,
      "original_language": "en",
      "original_title": "Influencer",
      "overview": "While struggling on a solo backpacking trip in Thailand, social media influencer Madison meets CW, who travels with ease and shows her a more uninhibited way of living. But CW's interest in her takes a darker turn.",
      "popularity": 30.127,
      "poster_path": "/mtXV301BF7pqwvRjsWhQo6sD10F.jpg",
      "release_date": "2023-05-18",
      "title": "Influencer",
      "video": false,
      "vote_average": 6.9,
      "vote_count": 15
    },
    {
      "adult": false,
      "backdrop_path": "/ekZUWo5XtSrfe10RKWrL0YKkq9b.jpg",
      "genre_ids": [
        9648,
        53,
        80
      ],
      "id": 1043565,
      "original_language": "en",
      "original_title": "Mindcage",
      "overview": "Detectives Jake Doyle and Mary Kelly seek the help of an incarcerated serial killer named The Artist when a copycat killer strikes. While Mary searches for clues in The Artist's brilliant but twisted psyche, she and Jake are lured into a diabolical game of cat and mouse, racing against time to stay one step ahead of The Artist and his copycat.",
      "popularity": 30.912,
      "poster_path": "/JvqaHXdKBtEAmm4EDVTGkoAGIj.jpg",
      "release_date": "2022-12-16",
      "title": "Mindcage",
      "video": false,
      "vote_average": 7.1,
      "vote_count": 109
    },
    {
      "adult": false,
      "backdrop_path": "/6A42xrhuyHboDRCsEOkMI0RZicS.jpg",
      "genre_ids": [
        18
      ],
      "id": 760099,
      "original_language": "en",
      "original_title": "Living",
      "overview": "London, 1953. Mr. Williams, a veteran civil servant, is an important cog within the city's bureaucracy as it struggles to rebuild in the aftermath of World War II. Buried under paperwork at the office and lonely at home, his life has long felt empty and meaningless. Then a devastating medical diagnosis forces him to take stock, and to try and grasp some fulfilment before it passes permanently beyond reach.",
      "popularity": 28.653,
      "poster_path": "/ftUdaxguhUoPAtwTkSLNglAaqfd.jpg",
      "release_date": "2022-11-04",
      "title": "Living",
      "video": false,
      "vote_average": 7.1,
      "vote_count": 198
    }
  ],
  "total_pages": 97,
  "total_results": 1940
}
