{
  "dates": {
    "maximum": "2023-06-03",
    "minimum": "2023-04-16"
  },
  "page": 7,
  "results": [
    {
      "adult": false,
      "backdrop_path": "/ptjCUBxlLTPoYQnfL7U8Ti3Dl31.jpg",
      "genre_ids": [
        10402,
        10749,
        12,
        14,
        35
      ],
      "id": 987763,
      "original_language": "en",
      "original_title": "The Met: Live in HD – Die Zauberflöte",
      "overview": "The Queen of the Night enlists a handsome prince named Tamino to rescue her beautiful kidnapped daughter, Princess Pamina. Aided by the lovelorn bird hunter Papageno and a magical flute that holds the power to change the hearts of men, young Tamino embarks on a quest for true love, leading to the evil Sarastro's temple where Pamina is held captive.",
      "popularity": 19.508,
      "poster_path": "/jWgw7w6RyRuf1NEuCTA20PbXumZ.jpg",
      "release_date": "2023-06-03",
      "title": "The Met: Live in HD – Die Zauberflöte",
      "video": false,
      "vote_average": 0,
      "vote_count": 0
    },
    {
      "adult": false,
      "backdrop_path": "/ww7AVa5WibSXRiXJn0OKR2o2i46.jpg",
      "genre_ids": [
        10402
      ],
      "id": 1124669,
      "original_language": "ko",
      "original_title": "SUGA | Agust D TOUR “D-DAY” in JAPAN: LIVE VIEWING",
      "overview": "To enjoy D-DAY with as many ARMY as possible, we will be holding the SUGA - Agust D TOUR “D-DAY” in JAPAN : LIVE VIEWING in theaters nationwide!",
      "popularity": 22.776,
      "poster_path": "/ypIE3DOGKIrW2YL5M5NyEQjgY9W.jpg",
      "release_date": "2023-06-03",
      "title": "SUGA | Agust D TOUR “D-DAY” in JAPAN: LIVE VIEWING",
      "video": false,
      "vote_average": 0,
      "vote_count": 0
    },
    {
      "adult": false,
      "backdrop_path": "/f3UakemV62FxEgzmQcrxGISbMaW.jpg",
      "genre_ids": [
        53,
        18
      ],
      "id": 852427,
      "original_language": "fr",
      "original_title": "Kompromat",
      "overview": "Mathieu, a member of the French institute in Irkutsk, is arrested overnight by the Russian authorities.  Imprisoned and accused of sexual abuse on his own daughter, he realises he is a victim of a Kompromat. With the help of the FSB, someone has built up a case to frame him. Isolated, he has no one to turn to. Proving his innocence is impossible: the only solution is to escape.",
      "popularity": 31.024,
      "poster_path": "/6OimOLolZ94sy0KVmimRxqfxy8.jpg",
      "release_date": "2022-09-07",
      "title": "Kompromat",
      "video": false,
      "vote_average": 6.5,
      "vote_count": 158
    },
    {
      "adult": false,
      "backdrop_path": "/jXYqN1Cdm7fKoCd0uYdknK3mPxf.jpg",
      "genre_ids": [
        35,
        18,
        10749
      ],
      "id": 920679,
      "original_language": "hi",
      "original_title": "Zara Hatke Zara Bach Ke",
      "overview": "Kapil and Somya fall in love, get married and are happily living in a joint family. However, soon the love fades away and the couple is on the verge of a divorce, but not a real one as a twist awaits the two families.",
      "popularity": 18.908,
      "poster_path": "/dz1uDnrghDAsqkCoNQqISM0Alo7.jpg",
      "release_date": "2023-06-02",
      "title": "Zara Hatke Zara Bachke",
      "video": false,
      "vote_average": 8,
      "vote_count": 1
    },
    {
      "adult": false,
      "backdrop_path": "/1zvy8hx4ZDnjS71IHtj1PtutriP.jpg",
      "genre_ids": [
        28,
        35,
        80
      ],
      "id": 647250,
      "original_language": "en",
      "original_title": "The Machine",
      "overview": "Bert Kreischer faces a familial crisis and the arrival of his estranged father when the ghost of his booze-soaked past arrives: a murderous mobster hellbent on kidnapping Bert back to the motherland to atone for his crimes. Together, he and his father must retrace the steps of his younger self in the midst of a war between a sociopathic crime family while they attempt to find common ground.",
      "popularity": 28.827,
      "poster_path": "/x9dGI7LIOMMlFzyIBUta1svft2Y.jpg",
      "release_date": "2023-05-25",
      "title": "The Machine",
      "video": false,
      "vote_average": 6,
      "vote_count": 6
    },
    {
      "adult": false,
      "backdrop_path": "/8UjZdkSANL1x1SGrjvKiA7yhYBN.jpg",
      "genre_ids": [
        53,
        9648
      ],
      "id": 402,
      "original_language": "en",
      "original_title": "Basic Instinct",
      "overview": "A violent police detective investigates a brutal murder that might involve a manipulative and seductive novelist.",
      "popularity": 27.163,
      "poster_path": "/76Ts0yoHk8kVQj9MMnoMixhRWoh.jpg",
      "release_date": "1992-03-20",
      "title": "Basic Instinct",
      "video": false,
      "vote_average": 6.9,
      "vote_count": 3345
    },
    {
      "adult": false,
      "backdrop_path": "/hvqNAz3cq48sh9GKxu4lPiogfBo.jpg",
      "genre_ids": [
        28,
        53,
        80
      ],
      "id": 996154,
      "original_language": "en",
      "original_title": "Black Lotus",
      "overview": "An ex-special forces operative wages a one man war through the streets of Amsterdam to rescue his friend's daughter from the local crime syndicate.",
      "popularity": 29.699,
      "poster_path": "/tIFq7whMaQaduV990viTHv12YlY.jpg",
      "release_date": "2023-04-12",
      "title": "Black Lotus",
      "video": false,
      "vote_average": 5.3,
      "vote_count": 8
    },
    {
      "adult": false,
      "backdrop_path": "/1xhcEecvRJXQ2OAVO7l9btlrN6D.jpg",
      "genre_ids": [
        27,
        878,
        53
      ],
      "id": 667216,
      "original_language": "en",
      "original_title": "Infinity Pool",
      "overview": "While staying at an isolated island resort, James and Em are enjoying a perfect vacation of pristine beaches, exceptional staff, and soaking up the sun. But guided by the seductive and mysterious Gabi, they venture outside the resort grounds and find themselves in a culture filled with violence, hedonism, and untold horror. A tragic accident leaves them facing a zero tolerance policy for crime: either you'll be executed, or, if you’re rich enough to afford it, you can watch yourself die instead.",
      "popularity": 27.276,
      "poster_path": "/5DNRr2juXdwtvktwXxwuk9Usk8O.jpg",
      "release_date": "2023-01-27",
      "title": "Infinity Pool",
      "video": false,
      "vote_average": 6.4,
      "vote_count": 265
    },
    {
      "adult": false,
      "backdrop_path": "/gqwefX8QC3jBrqSoyjLZup00KD4.jpg",
      "genre_ids": [
        35,
        18,
        10749
      ],
      "id": 507903,
      "original_language": "en",
      "original_title": "Spoiler Alert",
      "overview": "Journalist Michael Ausiello embarks on a rollercoaster ride of emotions when Kit Cowan, his partner of 14 years, is diagnosed with terminal cancer.",
      "popularity": 31.937,
      "poster_path": "/zdXoC9hgPieyT2x3TXcZGeRbpJZ.jpg",
      "release_date": "2022-12-02",
      "title": "Spoiler Alert",
      "video": false,
      "vote_average": 7.5,
      "vote_count": 67
    },
    {
      "adult": false,
      "backdrop_path": "/rcOIIEoBTnKWR1BfJw9KbfaQCtl.jpg",
      "genre_ids": [
        18,
        53
      ],
      "id": 870518,
      "original_language": "en",
      "original_title": "Sanctuary",
      "overview": "Confined to a claustrophobic hotel room, the heir to a hotel empire and the dominatrix who has primed him for success become locked in a battle of wits and wills as he tries to end his relationship with her.",
      "popularity": 27.15,
      "poster_path": "/yGQAZupyZgT2ESbBSMZ9R0OBToo.jpg",
      "release_date": "2023-04-06",
      "title": "Sanctuary",
      "video": false,
      "vote_average": 7.1,
      "vote_count": 7
    },
    {
      "adult": false,
      "backdrop_path": "/lQzSMhkAl90iXPirjnLbRHkxApC.jpg",
      "genre_ids": [
        27
      ],
      "id": 917007,
      "original_language": "en",
      "original_title": "Bed Rest",
      "overview": "A pregnant woman on bed rest begins to wonder if her house is haunted or if it's all in her head.",
      "popularity": 34.551,
      "poster_path": "/tiZF8b9T9fMcwvsEEkJ5ik1wCnV.jpg",
      "release_date": "2022-12-08",
      "title": "Bed Rest",
      "video": false,
      "vote_average": 5.7,
      "vote_count": 33
    },
    {
      "adult": false,
      "backdrop_path": "/bFAozpBc5s0cJcolKABpa5THusM.jpg",
      "genre_ids": [
        18,
        10749
      ],
      "id": 814757,
      "original_language": "en",
      "original_title": "Empire of Light",
      "overview": "The duty manager of a seaside cinema, who is struggling with her mental health, forms a relationship with a new employee on the south coast of England in the 1980s.",
      "popularity": 22.365,
      "poster_path": "/h84SnIQF91Gz2Fv1OpMJ3245t4i.jpg",
      "release_date": "2022-12-09",
      "title": "Empire of Light",
      "video": false,
      "vote_average": 6.7,
      "vote_count": 332
    },
    {
      "adult": false,
      "backdrop_path": "/dp4jcu2tlAyJnJNnCyHXnWnqhUl.jpg",
      "genre_ids": [
        80,
        18,
        53,
        27
      ],
      "id": 889699,
      "original_language": "fa",
      "original_title": "عنکبوت مقدس",
      "overview": "A journalist descends into the dark underbelly of the Iranian holy city of Mashhad as she investigates the serial killings of sex workers by the so called \"Spider Killer\", who believes he is cleansing the streets of sinners.",
      "popularity": 25.452,
      "poster_path": "/6ObJ4x7m1F5QRY06WzOxNJQHwGb.jpg",
      "release_date": "2022-07-13",
      "title": "Holy Spider",
      "video": false,
      "vote_average": 7.4,
      "vote_count": 185
    },
    {
      "adult": false,
      "backdrop_path": "/mNfP0zYLKH71LDddZGtVC8JEIpB.jpg",
      "genre_ids": [
        35
      ],
      "id": 1110918,
      "original_language": "es",
      "original_title": "Soltera, casada, viuda, divorciada",
      "overview": "After the death of her husband, Cecilia joins her childhood friends to embark on a trip to Pacasmayo that will put their friendship to the test.",
      "popularity": 36.225,
      "poster_path": "/gZCk6VfflTgnDAfeevI31QR9vid.jpg",
      "release_date": "2023-04-20",
      "title": "Soltera, casada, viuda, divorciada",
      "video": false,
      "vote_average": 2,
      "vote_count": 1
    },
    {
      "adult": false,
      "backdrop_path": "/7x0K8loq2160nZw5zBitoiUb7Jj.jpg",
      "genre_ids": [
        18
      ],
      "id": 915931,
      "original_language": "fr",
      "original_title": "Revoir Paris",
      "overview": "Three months after surviving a terrorist attack in a bistro, Mia is still traumatized and unable to recall the events of that night. In an effort to move forward, she investigates her memories and retraces her steps.",
      "popularity": 23.489,
      "poster_path": "/ntQNP5tK35KXyoH8IoYIWnZXIeP.jpg",
      "release_date": "2022-09-07",
      "title": "Revoir Paris",
      "video": false,
      "vote_average": 7.1,
      "vote_count": 196
    },
    {
      "adult": false,
      "backdrop_path": "/7vxuOzbsDgGRKNiB9yzvSHaNlNi.jpg",
      "genre_ids": [
        16,
        12,
        878
      ],
      "id": 1030587,
      "original_language": "ja",
      "original_title": "映画ドラえもん のび太と空の理想郷",
      "overview": "Doraemon, Nobita and his friends go to find Utopia, a perfect land in the sky where everyone lives with happiness, using an airship having a time warp function.",
      "popularity": 24.716,
      "poster_path": "/3QhCNuPxgp3TWmSej9RmXzwWj9W.jpg",
      "release_date": "2023-03-03",
      "title": "Doraemon: Nobita's Sky Utopia",
      "video": false,
      "vote_average": 7.3,
      "vote_count": 8
    },
    {
      "adult": false,
      "backdrop_path": "/6VtzCw8Wd9UWSA5FcXK6Kh2y5FE.jpg",
      "genre_ids": [
        53,
        14,
        27
      ],
      "id": 812488,
      "original_language": "es",
      "original_title": "Mete miedo",
      "overview": "Camila is a young member of an elite police unit. During an operation in a dangerous area, she turns up in the middle of a ritual, in which their members burnt themselves to death. She suffers severe burns all over her body and goes into a coma. In her long recovery, her friend Fatima, a criminal prosecutor, and her partner and ex-boyfriend Ángel will help her. But Camila acts strange, she is distant, emotionless. The albino, a female figure who is attached to her soul since the ritual episode, is here to play a game with the three of them.",
      "popularity": 31.587,
      "poster_path": "/arb5afU36jYYmDvOWMW3i8Z4Tmd.jpg",
      "release_date": "2022-09-02",
      "title": "Don't Come Back Alive",
      "video": false,
      "vote_average": 5.8,
      "vote_count": 34
    },
    {
      "adult": false,
      "backdrop_path": "/sEMMpCHHLAFUVwQrOUvk6PZag2X.jpg",
      "genre_ids": [],
      "id": 997035,
      "original_language": "en",
      "original_title": "The Metropolitan Opera: Die Zauberflöte",
      "overview": "One of opera’s most beloved works receives its first new Met staging in 19 years—a daring vision by renowned English director Simon McBurney that The Wall Street Journal declared “the best production I’ve ever witnessed of Mozart’s opera.” Nathalie Stutzmann conducts the Met Orchestra, with the pit raised to make the musicians visible to the audience and allow interaction with the cast. In his Met-debut staging, McBurney lets loose a volley of theatrical flourishes, incorporating projections, sound effects, and acrobatics to match the spectacle and drama of Mozart’s fable. The brilliant cast includes soprano Erin Morley as Pamina, tenor Lawrence Brownlee as Tamino, baritone Thomas Oliemans in his Met debut as Papageno, soprano Kathryn Lewek as the Queen of the Night, and bass Stephen Milling as Sarastro.",
      "popularity": 15.253,
      "poster_path": "/4FihyVpqBW4NA77g5eg6DmIaCg2.jpg",
      "release_date": "2023-06-03",
      "title": "The Metropolitan Opera: Die Zauberflöte",
      "video": false,
      "vote_average": 0,
      "vote_count": 0
    },
    {
      "adult": false,
      "backdrop_path": "/baE88dSR0byNAMDBk8HENkdDbt0.jpg",
      "genre_ids": [
        27,
        53
      ],
      "id": 1098160,
      "original_language": "en",
      "original_title": "The Tank",
      "overview": "In 1978 Oregon, Ben and Jules inherit an abandoned coastal property from Ben's late mother, who's never mentioned it. The untouched house has been kept a secret for 40 years and comes with a beautiful private cove and beach. Jules searches for answers while Ben unwittingly awakens a fiercely protective creature.",
      "popularity": 23.732,
      "poster_path": "/2VxEtwgzOUukatl2IKGn4borpgE.jpg",
      "release_date": "2023-04-21",
      "title": "The Tank",
      "video": false,
      "vote_average": 4.8,
      "vote_count": 24
    },
    {
      "adult": false,
      "backdrop_path": "/nOJRVPbIuKqE3Fen4Kn0Iiap2Pf.jpg",
      "genre_ids": [
        18
      ],
      "id": 540549,
      "original_language": "en",
      "original_title": "Monica",
      "overview": "A woman reconnects with her ailing mother to find acceptance.",
      "popularity": 15.178,
      "poster_path": "/qR3Tl7Y7OOp245uQ3hdSp0gwA3M.jpg",
      "release_date": "2023-05-12",
      "title": "Monica",
      "video": false,
      "vote_average": 4,
      "vote_count": 2
    }
  ],
  "total_pages": 97,
  "total_results": 1940
}
